time,pace,bass,drum,vocal,other,loudness_momentary,loudness_short_term,section
0.00,10.79,0.0,0.0,0.201,0.364,,,
0.05,10.93,0.0,0.0,0.206,0.486,,,1
0.10,11.0,0.0,0.0,0.252,0.516,-34.32,-34.32,1
0.15,11.98,0.0,0.0,0.328,0.518,-31.74,-31.74,1
0.20,11.14,0.0,0.0,0.635,0.548,-31.74,-31.74,1
0.25,13.11,0.0,0.0,0.777,0.542,-31.74,-31.74,1
0.30,13.06,0.0,0.0,0.755,0.521,-18.89,-18.89,1
0.35,14.11,0.0,0.0,0.73,0.516,-18.42,-18.42,1
0.40,13.69,0.0,0.0,0.739,0.508,-18.42,-18.42,1
0.45,14.52,0.0,0.0,0.73,0.502,-18.42,-18.42,1
0.50,14.6,0.0,0.0,0.605,0.504,-17.31,-18.25,1
0.55,14.74,0.0,0.0,0.474,0.524,-17.29,-18.97,1
0.60,14.25,0.0,0.0,0.538,0.528,-17.29,-18.97,1
0.65,14.52,0.0,0.0,0.634,0.536,-19.23,-19.08,1
0.70,14.36,0.0,0.0,0.719,0.543,-19.23,-19.08,1
0.75,14.21,0.0,0.0,0.75,0.54,-18.47,-18.45,1
0.80,13.43,0.0,0.0,0.731,0.543,-18.47,-18.45,1
0.85,13.62,0.0,0.0,0.694,0.543,-18.34,-18.29,1
0.90,13.78,0.0,0.0,0.642,0.528,-18.34,-18.29,1
0.95,14.28,0.0,0.0,0.689,0.528,-17.66,-18.4,1
1.00,13.3,0.0,0.0,0.676,0.53,-17.66,-18.4,1
1.05,13.99,0.0,0.0,0.533,0.523,-18.2,-18.74,1
1.10,13.73,0.0,0.0,0.441,0.527,-18.2,-18.74,1
1.15,14.28,0.0,0.0,0.57,0.529,-20.24,-18.97,1
1.20,13.37,0.0,0.0,0.703,0.533,-20.24,-18.97,1
1.25,13.43,0.0,0.0,0.73,0.532,-20.24,-18.97,1
1.30,13.84,0.0,0.0,0.722,0.533,-20.16,-18.79,1
1.35,14.2,0.0,0.0,0.725,0.533,-19.47,-18.68,1
1.40,13.81,0.0,0.0,0.709,0.53,-19.47,-18.68,1
1.45,13.96,0.0,0.0,0.634,0.526,-18.28,-18.61,1
1.50,13.75,0.0,0.0,0.71,0.526,-18.28,-18.61,1
1.55,14.23,0.0,0.0,0.756,0.519,-18.28,-18.61,1
1.60,12.64,0.0,0.0,0.721,0.522,-16.64,-18.26,1
1.65,13.06,0.0,0.0,0.639,0.517,-17.08,-18.32,1
1.70,12.73,0.0,0.0,0.521,0.528,-17.08,-18.32,1
1.75,12.88,0.0,0.0,0.567,0.525,-17.08,-18.32,1
1.80,12.61,0.0,0.0,0.67,0.538,-17.79,-18.47,1
1.85,13.16,0.0,0.0,0.686,0.552,-17.88,-18.45,1
1.90,12.57,0.0,0.0,0.631,0.557,-17.88,-18.45,1
1.95,13.39,0.0,0.0,0.569,0.561,-20.32,-18.6,1
2.00,12.39,0.0,0.0,0.6,0.566,-20.32,-18.6,1
2.05,12.85,0.0,0.0,0.678,0.578,-20.02,-18.6,1
2.10,13.54,0.0,0.0,0.691,0.584,-20.02,-18.6,1
2.15,13.78,0.0,0.0,0.674,0.584,-20.02,-18.6,1
2.20,13.21,0.0,0.0,0.672,0.593,-18.98,-18.56,1
2.25,13.63,0.0,0.0,0.667,0.588,-18.98,-18.56,1
2.30,13.22,0.0,0.0,0.636,0.594,-19.36,-18.59,1
2.35,13.17,0.0,0.0,0.607,0.595,-19.06,-18.67,1
2.40,13.15,0.0,0.0,0.666,0.602,-19.06,-18.67,1
2.45,12.84,0.0,0.0,0.68,0.602,-18.91,-18.65,1
2.50,12.36,0.0,0.0,0.673,0.596,-18.91,-18.65,1
2.55,12.92,0.0,0.0,0.684,0.597,-18.3,-18.51,1
2.60,12.38,0.0,0.0,0.701,0.614,-18.3,-18.51,1
2.65,13.37,0.0,0.0,0.69,0.624,-17.37,-18.39,1
2.70,12.78,0.0,0.0,0.674,0.624,-17.37,-18.39,1
2.75,13.25,0.0,0.0,0.553,0.616,-17.37,-18.39,1
2.80,13.1,0.0,0.0,0.449,0.609,-17.49,-18.48,1
2.85,13.22,0.0,0.0,0.421,0.609,-18.17,-18.58,1
2.90,13.22,0.0,0.0,0.393,0.598,-18.17,-18.58,1
2.95,13.46,0.0,0.0,0.291,0.597,-20.05,-18.69,1
3.00,13.22,0.0,0.0,0.225,0.614,-20.05,-18.69,1
3.05,13.62,0.0,0.0,0.201,0.643,-23.05,-18.64,1
3.10,13.04,0.0,0.0,0.186,0.65,-23.05,-18.64,1
3.15,13.63,0.0,0.0,0.171,0.639,-22.11,-18.53,1
3.20,13.03,0.0,0.0,0.17,0.626,-22.11,-18.53,1
3.25,13.08,0.0,0.0,0.172,0.61,-22.11,-18.53,1
3.30,13.02,0.0,0.0,0.182,0.596,-22.02,-18.87,1
3.35,13.08,0.0,0.0,0.195,0.599,-21.79,-19.04,1
3.40,13.16,0.0,0.0,0.216,0.616,-21.79,-19.04,1
3.45,13.23,0.0,0.0,0.237,0.622,-21.59,-19.16,1
3.50,13.03,0.0,0.0,0.233,0.609,-21.59,-19.16,1
3.55,13.65,0.0,0.0,0.262,0.608,-22.72,-19.12,1
3.60,13.78,0.0,0.0,0.432,0.609,-22.72,-19.12,1
3.65,13.77,0.0,0.0,0.678,0.615,-20.33,-18.99,1
3.70,13.27,0.0,0.0,0.751,0.625,-20.33,-18.99,1
3.75,13.63,0.0,0.0,0.738,0.625,-17.62,-18.9,1
3.80,13.11,0.0,0.0,0.683,0.616,-17.62,-18.9,1
3.85,13.44,0.0,0.0,0.632,0.612,-17.43,-19.0,1
3.90,13.18,0.0,0.0,0.686,0.617,-17.43,-19.0,1
3.95,12.97,0.0,0.0,0.722,0.618,-16.22,-18.82,1
4.00,12.93,0.0,0.0,0.725,0.613,-16.22,-18.82,1
4.05,13.0,0.0,0.0,0.699,0.617,-16.22,-18.82,1
4.10,12.68,0.0,0.0,0.667,0.616,-15.79,-18.51,1
4.15,12.8,0.0,0.0,0.715,0.624,-16.18,-18.28,1
4.20,12.41,0.0,0.0,0.707,0.615,-16.18,-18.28,1
4.25,12.73,0.0,0.0,0.613,0.595,-16.11,-18.37,1
4.30,12.52,0.0,0.0,0.554,0.583,-16.11,-18.37,1
4.35,12.54,0.0,0.0,0.694,0.591,-16.68,-18.39,1
4.40,12.65,0.0,0.0,0.755,0.587,-16.68,-18.39,1
4.45,12.84,0.0,0.0,0.749,0.579,-16.91,-18.29,1
4.50,12.67,0.0,0.0,0.738,0.594,-16.91,-18.29,1
4.55,12.46,0.0,0.0,0.712,0.606,-17.01,-18.35,1
4.60,12.83,0.0,0.0,0.677,0.605,-17.01,-18.35,1
4.65,12.48,0.0,0.0,0.651,0.599,-16.49,-18.25,1
4.70,12.15,0.0,0.0,0.739,0.597,-16.49,-18.25,1
4.75,12.25,0.0,0.0,0.761,0.585,-15.27,-17.89,1
4.80,12.11,0.0,0.0,0.744,0.578,-15.27,-17.89,1
4.85,12.22,0.0,0.0,0.716,0.578,-15.41,-17.82,1
4.90,11.57,0.0,0.0,0.553,0.594,-15.41,-17.82,1
4.95,11.94,0.0,0.0,0.491,0.596,-16.12,-17.79,1
5.00,11.66,0.0,0.0,0.636,0.611,-16.12,-17.79,1
5.05,11.87,0.0,0.0,0.707,0.634,-15.98,-17.7,1
5.10,11.4,0.0,0.0,0.703,0.623,-15.98,-17.7,1
5.15,11.71,0.0,0.0,0.726,0.62,-16.77,-17.6,1
5.20,11.57,0.0,0.0,0.708,0.607,-16.77,-17.6,1
5.25,11.81,0.0,0.0,0.584,0.59,-17.29,-17.58,1
5.30,11.58,0.0,0.0,0.726,0.587,-17.29,-17.58,1
5.35,11.68,0.0,0.0,0.769,0.573,-15.98,-17.37,1
5.40,11.4,0.0,0.0,0.743,0.577,-15.98,-17.37,1
5.45,11.72,0.0,0.0,0.693,0.591,-16.03,-17.31,1
5.50,11.39,0.0,0.0,0.539,0.601,-16.03,-17.31,1
5.55,11.77,0.0,0.0,0.61,0.607,-16.99,-17.43,1
5.60,11.35,0.0,0.0,0.72,0.612,-16.99,-17.43,1
5.65,11.65,0.0,0.0,0.7,0.606,-16.27,-17.41,1
5.70,11.31,0.0,0.0,0.647,0.599,-16.27,-17.41,1
5.75,11.89,0.0,0.0,0.706,0.61,-16.85,-17.28,1
5.80,11.51,0.0,0.0,0.736,0.623,-16.85,-17.28,1
5.85,11.9,0.0,0.0,0.737,0.639,-16.13,-17.03,1
5.90,11.82,0.0,0.0,0.728,0.631,-16.13,-17.03,1
5.95,11.94,0.0,0.0,0.699,0.625,-15.44,-16.87,1
6.00,11.78,0.0,0.0,0.623,0.624,-15.44,-16.87,1
6.05,12.18,0.0,0.0,0.518,0.604,-16.34,-16.87,1
6.10,12.15,0.0,0.0,0.421,0.582,-16.34,-16.87,1
6.15,11.93,0.0,0.0,0.351,0.579,-17.38,-16.92,1
6.20,12.12,0.0,0.0,0.311,0.607,-17.38,-16.92,1
6.25,11.94,0.0,0.0,0.282,0.604,-20.1,-16.93,1
6.30,11.74,0.0,0.0,0.261,0.592,-20.1,-16.93,1
6.35,11.99,0.0,0.0,0.247,0.584,-23.63,-16.94,1
6.40,11.64,0.0,0.0,0.239,0.585,-23.63,-16.94,1
6.45,12.03,0.0,0.0,0.247,0.604,-24.31,-16.96,1
6.50,11.58,0.0,0.0,0.266,0.631,-24.31,-16.96,1
6.55,12.1,0.0,0.0,0.455,0.646,-21.31,-16.86,1
6.60,11.47,0.0,0.0,0.762,0.643,-21.31,-16.86,1
6.65,12.43,0.0,0.0,0.791,0.635,-16.02,-16.5,1
6.70,12.23,0.0,0.0,0.737,0.624,-16.02,-16.5,1
6.75,12.03,0.0,0.0,0.636,0.6,-15.81,-16.69,1
6.80,12.1,0.0,0.0,0.585,0.595,-15.81,-16.69,1
6.85,11.49,0.0,0.0,0.735,0.603,-14.69,-16.52,1
6.90,11.84,0.0,0.0,0.782,0.608,-14.69,-16.52,1
6.95,11.49,0.0,0.0,0.77,0.61,-13.51,-16.31,1
7.00,10.96,0.0,0.0,0.73,0.608,-13.51,-16.31,1
7.05,10.69,0.0,0.0,0.738,0.61,-14.81,-16.33,1
7.10,10.83,0.0,0.0,0.749,0.625,-14.81,-16.33,1
7.15,10.63,0.0,0.0,0.731,0.625,-14.2,-16.33,1
7.20,10.14,0.0,0.0,0.711,0.626,-14.2,-16.33,1
7.25,10.16,0.0,0.0,0.688,0.622,-14.77,-16.3,1
7.30,10.12,0.0,0.0,0.638,0.608,-14.77,-16.3,1
7.35,10.25,0.0,0.0,0.609,0.605,-16.79,-16.33,1
7.40,10.1,0.0,0.0,0.563,0.603,-16.79,-16.33,1
7.45,10.14,0.0,0.0,0.498,0.594,-18.02,-16.45,1
7.50,10.6,0.0,0.0,0.519,0.594,-18.02,-16.45,1
7.55,10.5,0.0,0.0,0.543,0.605,-19.4,-16.54,1
7.60,10.62,0.0,0.0,0.545,0.606,-19.4,-16.54,1
7.65,10.37,0.0,0.0,0.56,0.601,-19.19,-16.56,1
7.70,10.57,0.0,0.0,0.6,0.599,-19.19,-16.56,1
7.75,10.28,0.0,0.0,0.661,0.587,-18.75,-16.75,1
7.80,10.34,0.0,0.0,0.661,0.575,-18.75,-16.75,1
7.85,10.09,0.0,0.0,0.568,0.576,-18.64,-16.85,1
7.90,10.26,0.0,0.0,0.626,0.575,-18.64,-16.85,1
7.95,10.05,0.0,0.0,0.748,0.578,-17.28,-16.7,1
8.00,9.81,0.0,0.0,0.752,0.573,-17.28,-16.7,1
8.05,9.98,0.0,0.0,0.714,0.578,-16.76,-16.67,1
8.10,9.9,0.0,0.0,0.701,0.584,-16.76,-16.67,1
8.15,9.9,0.0,0.0,0.69,0.588,-16.49,-16.72,1
8.20,10.1,0.0,0.0,0.672,0.585,-16.49,-16.72,1
8.25,10.18,0.0,0.0,0.734,0.589,-15.19,-16.54,1
8.30,10.31,0.0,0.0,0.742,0.587,-15.19,-16.54,1
8.35,10.47,0.0,0.0,0.702,0.583,-15.31,-16.58,1
8.40,10.48,0.0,0.0,0.665,0.571,-15.31,-16.58,1
8.45,10.69,0.0,0.0,0.707,0.57,-15.61,-16.6,1
8.50,10.46,0.0,0.0,0.738,0.579,-15.61,-16.6,1
8.55,10.83,0.0,0.0,0.729,0.573,-15.11,-16.43,1
8.60,10.61,0.0,0.0,0.694,0.569,-15.11,-16.43,1
8.65,11.0,0.0,0.0,0.556,0.56,-16.45,-16.56,1
8.70,10.57,0.0,0.0,0.496,0.559,-16.45,-16.56,1
8.75,10.77,0.0,0.0,0.499,0.553,-17.48,-16.66,1
8.80,10.71,0.0,0.0,0.524,0.547,-17.48,-16.66,1
8.85,10.92,0.0,0.0,0.54,0.56,-18.07,-16.84,1
8.90,10.55,0.0,0.0,0.566,0.56,-18.07,-16.84,1
8.95,10.83,0.0,0.0,0.582,0.551,-20.1,-16.94,1
9.00,10.69,0.0,0.0,0.621,0.529,-20.1,-16.94,1
9.05,10.69,0.0,0.0,0.707,0.593,-18.52,-16.81,1
9.10,10.66,0.0,0.0,0.722,0.645,-18.52,-16.81,1
9.15,10.72,0.0,0.0,0.712,0.649,-16.64,-16.57,1
9.20,10.68,0.0,0.0,0.72,0.653,-16.64,-16.57,1
9.25,10.77,0.0,0.0,0.724,0.645,-15.34,-16.33,1
9.30,10.57,0.0,0.0,0.707,0.628,-15.34,-16.33,1
9.35,10.85,0.0,0.0,0.663,0.63,-15.06,-16.23,1
9.40,10.64,0.0,0.0,0.68,0.635,-15.06,-16.23,1
9.45,10.94,0.0,0.0,0.706,0.627,-14.44,-16.0,1
9.50,10.34,0.0,0.0,0.721,0.622,-14.44,-16.0,1
9.55,10.76,0.0,0.0,0.701,0.615,-15.05,-15.98,1
9.60,10.21,0.0,0.0,0.676,0.61,-15.05,-15.98,1
9.65,10.56,0.0,0.0,0.649,0.609,-16.19,-16.35,1
9.70,10.09,0.0,0.0,0.561,0.593,-16.19,-16.35,1
9.75,10.47,0.0,0.0,0.66,0.604,-16.37,-16.31,1
9.80,10.12,0.0,0.0,0.727,0.61,-16.37,-16.31,1
9.85,10.68,0.0,0.0,0.742,0.605,-16.37,-16.25,1
9.90,10.62,0.0,0.0,0.74,0.614,-16.37,-16.25,1
9.95,10.66,0.0,0.0,0.728,0.621,-15.6,-16.39,1
10.00,10.91,0.0,0.0,0.65,0.612,-15.6,-16.39,1
10.05,10.87,0.0,0.0,0.633,0.6,-15.55,-16.49,1
10.10,10.83,0.0,0.0,0.64,0.592,-15.55,-16.49,1
10.15,10.9,0.0,0.0,0.616,0.573,-15.85,-16.62,1
10.20,11.0,0.0,0.0,0.619,0.589,-15.85,-16.62,1
10.25,10.88,0.0,0.0,0.731,0.644,-16.27,-16.5,1
10.30,11.16,0.0,0.0,0.758,0.665,-16.27,-16.5,1
10.35,10.99,0.0,0.0,0.743,0.655,-15.35,-16.19,1
10.40,10.8,0.0,0.0,0.731,0.645,-15.35,-16.19,1
10.45,11.25,0.0,0.0,0.719,0.625,-14.36,-15.98,1
10.50,11.07,0.0,0.0,0.702,0.605,-14.36,-15.98,1
10.55,11.07,0.0,0.0,0.679,0.602,-14.09,-15.94,1
10.60,10.97,0.0,0.0,0.646,0.619,-14.09,-15.94,1
10.65,11.15,0.0,0.0,0.631,0.636,-14.62,-15.95,1
10.70,10.98,0.0,0.0,0.644,0.638,-14.62,-15.95,1
10.75,11.0,0.0,0.0,0.724,0.633,-16.15,-15.93,1
10.80,10.83,0.0,0.0,0.753,0.632,-16.15,-15.93,1
10.85,11.23,0.0,0.005,0.757,0.629,-15.66,-15.68,1
10.90,10.82,0.0,0.014,0.75,0.631,-15.66,-15.68,1
10.95,10.91,0.0,0.015,0.757,0.633,-13.83,-15.45,1
11.00,11.25,0.0,0.018,0.744,0.626,-13.83,-15.45,1
11.05,11.27,0.0,0.03,0.69,0.61,-13.54,-15.45,1
11.10,10.98,0.0,0.038,0.703,0.628,-13.54,-15.45,1
11.15,11.2,0.0,0.047,0.761,0.65,-12.65,-15.26,1
11.20,11.15,0.0,0.056,0.73,0.641,-12.65,-15.26,1
11.25,11.33,0.0,0.042,0.646,0.618,-13.43,-15.37,1
11.30,10.94,0.0,0.055,0.661,0.628,-13.43,-15.37,1
11.35,11.07,0.0,0.061,0.662,0.628,-14.8,-15.38,1
11.40,10.96,0.0,0.085,0.685,0.617,-14.8,-15.38,1
11.45,11.32,0.0,0.079,0.75,0.605,-14.32,-15.26,1
11.50,11.05,0.0,0.087,0.763,0.594,-14.32,-15.26,1
11.55,11.27,0.0,0.091,0.751,0.588,-14.96,-15.24,1
11.60,10.79,0.0,0.107,0.706,0.586,-14.96,-15.24,1
11.65,10.92,0.0,0.1,0.619,0.594,-15.18,-15.21,1
11.70,10.62,0.0,0.12,0.59,0.618,-15.18,-15.21,1
11.75,10.61,0.0,0.136,0.584,0.629,-15.17,-15.14,1
11.80,10.54,0.0,0.155,0.535,0.614,-15.17,-15.14,1
11.85,10.62,0.0,0.151,0.452,0.585,-16.93,-15.17,1
11.90,10.51,0.0,0.163,0.414,0.571,-16.93,-15.17,1
11.95,10.49,0.0,0.165,0.413,0.566,-19.54,-15.22,1
12.00,10.24,0.0,0.178,0.524,0.555,-19.54,-15.22,1
12.05,10.22,0.0,0.178,0.743,0.578,-17.71,-15.16,1
12.10,10.14,0.0,0.196,0.772,0.582,-17.71,-15.16,1
12.15,10.18,0.0,0.183,0.75,0.579,-16.62,-15.13,1
12.20,9.9,0.0,0.193,0.706,0.564,-16.62,-15.13,1
12.25,9.85,0.0,0.205,0.722,0.603,-14.73,-15.09,1
12.30,10.03,0.0,0.228,0.729,0.632,-14.73,-15.09,1
12.35,9.93,0.0,0.233,0.715,0.618,-14.08,-15.07,1
12.40,9.6,0.0,0.234,0.711,0.599,-14.08,-15.07,1
12.45,9.72,0.0,0.211,0.716,0.577,-13.98,-15.08,1
12.50,9.71,0.0,0.24,0.703,0.555,-13.98,-15.08,1
12.55,9.68,0.0,0.257,0.641,0.553,-14.94,-15.12,1
12.60,9.51,0.0,0.26,0.484,0.555,-14.94,-15.12,1
12.65,9.74,0.0,0.268,0.419,0.557,-16.92,-15.16,1
12.70,9.58,0.0,0.273,0.415,0.558,-16.92,-15.16,1
12.75,9.98,0.0,0.263,0.638,0.559,-16.81,-15.11,1
12.80,9.57,0.0,0.283,0.78,0.592,-16.81,-15.11,1
12.85,9.71,0.0,0.261,0.781,0.604,-14.65,-14.88,1
12.90,9.54,0.0,0.258,0.763,0.604,-14.65,-14.88,1
12.95,9.75,0.0,0.268,0.767,0.605,-12.84,-14.68,1
13.00,9.48,0.0,0.296,0.756,0.598,-12.84,-14.68,1
13.05,9.7,0.0,0.306,0.75,0.589,-11.61,-14.44,1
13.10,9.61,0.0,0.319,0.709,0.573,-11.61,-14.44,1
13.15,9.67,0.0,0.313,0.655,0.568,-11.38,-14.31,1
13.20,9.44,0.0,0.322,0.589,0.546,-11.38,-14.31,1
13.25,9.87,0.0,0.314,0.538,0.54,-12.86,-14.4,1
13.30,9.42,0.0,0.325,0.666,0.591,-12.86,-14.4,1
13.35,10.0,0.0,0.311,0.761,0.635,-13.3,-14.39,1
13.40,9.99,0.0,0.32,0.755,0.643,-13.3,-14.39,1
13.45,10.92,0.0,0.313,0.707,0.635,-13.85,-14.37,1
13.50,11.1,0.0,0.327,0.735,0.652,-13.85,-14.37,1
13.55,10.5,0.0,0.341,0.76,0.654,-13.05,-14.15,1
13.60,11.29,0.0,0.371,0.735,0.645,-13.05,-14.15,1
13.65,11.39,0.0,0.345,0.714,0.634,-12.14,-14.0,1
13.70,11.11,0.0,0.376,0.744,0.675,-12.14,-14.0,1
13.75,11.28,0.0,0.376,0.755,0.704,-11.61,-13.73,2
13.80,10.78,0.0,0.4,0.742,0.702,-11.61,-13.73,2
13.85,11.11,0.0,0.361,0.726,0.687,-11.37,-13.7,2
13.90,11.13,0.0,0.363,0.752,0.693,-11.37,-13.7,2
13.95,11.3,0.0,0.369,0.76,0.695,-10.99,-13.61,2
14.00,11.04,0.0,0.386,0.749,0.698,-10.99,-13.61,2
14.05,11.06,0.0,0.341,0.737,0.695,-10.7,-13.44,2
14.10,10.72,0.0,0.337,0.741,0.699,-10.7,-13.44,2
14.15,10.87,0.0,0.342,0.739,0.701,-10.8,-13.36,2
14.20,10.93,0.0,0.35,0.748,0.695,-10.8,-13.36,2
14.25,10.59,0.0,0.323,0.743,0.686,-10.79,-13.21,2
14.30,10.55,0.0,0.314,0.73,0.67,-10.79,-13.21,2
14.35,10.85,0.0,0.304,0.724,0.669,-11.57,-13.15,2
14.40,10.41,0.0,0.31,0.721,0.677,-11.57,-13.15,2
14.45,10.54,0.0,0.308,0.71,0.68,-11.83,-13.09,2
14.50,10.26,0.0,0.3,0.701,0.676,-11.83,-13.09,2
14.55,10.29,0.0,0.304,0.687,0.67,-12.54,-13.07,2
14.60,10.17,0.0,0.338,0.689,0.667,-12.54,-13.07,2
14.65,10.12,0.0,0.316,0.681,0.66,-13.05,-12.99,2
14.70,10.17,0.0,0.319,0.637,0.649,-13.05,-12.99,2
14.75,10.33,0.0,0.294,0.671,0.648,-13.15,-12.94,2
14.80,10.03,0.0,0.293,0.728,0.655,-13.15,-12.94,2
14.85,10.17,0.0,0.263,0.745,0.647,-13.31,-12.79,2
14.90,10.24,0.0,0.262,0.743,0.652,-13.31,-12.79,2
14.95,10.37,0.0,0.231,0.743,0.667,-13.15,-12.65,2
15.00,10.23,0.0,0.271,0.737,0.671,-13.15,-12.65,2
15.05,10.56,0.0,0.279,0.748,0.693,-12.56,-12.56,2
15.10,10.33,0.0,0.264,0.744,0.691,-12.56,-12.56,2
15.15,10.49,0.0,0.234,0.74,0.681,-12.05,-12.5,2
15.20,10.51,0.0,0.218,0.718,0.666,-12.05,-12.5,2
15.25,10.73,0.0,0.216,0.713,0.647,-11.94,-12.47,2
15.30,10.51,0.0,0.224,0.709,0.644,-11.94,-12.47,2
15.35,10.61,0.0,0.209,0.712,0.648,-11.95,-12.39,2
15.40,10.54,0.0,0.196,0.723,0.646,-11.95,-12.39,2
15.45,10.68,0.0,0.204,0.74,0.669,-12.1,-12.34,2
15.50,10.64,0.0,0.207,0.735,0.679,-12.1,-12.34,2
15.55,10.5,0.0,0.187,0.742,0.676,-12.2,-12.22,2
15.60,10.37,0.0,0.18,0.745,0.671,-12.2,-12.22,2
15.65,10.67,0.0,0.17,0.758,0.675,-11.88,-12.04,2
15.70,10.36,0.0,0.16,0.755,0.701,-11.88,-12.04,2
15.75,10.23,0.0,0.156,0.755,0.706,-11.5,-11.92,2
15.80,10.27,0.0,0.149,0.742,0.695,-11.5,-11.92,2
15.85,10.17,0.0,0.149,0.727,0.675,-11.47,-11.99,2
15.90,10.18,0.0,0.185,0.727,0.666,-11.47,-11.99,2
15.95,10.15,0.0,0.184,0.725,0.675,-11.63,-12.06,2
16.00,10.03,0.0,0.17,0.696,0.655,-11.63,-12.06,2
16.05,10.14,0.0,0.151,0.694,0.663,-12.3,-12.13,2
16.10,10.31,0.0,0.143,0.719,0.676,-12.3,-12.13,2
16.15,10.1,0.0,0.149,0.742,0.683,-12.15,-12.03,2
16.20,10.08,0.0,0.151,0.733,0.679,-12.15,-12.03,2
16.25,10.44,0.0,0.148,0.735,0.679,-12.15,-12.03,2
16.30,10.29,0.0,0.171,0.728,0.678,-11.84,-11.87,2
16.35,10.24,0.0,0.161,0.718,0.678,-11.68,-11.87,2
16.40,10.15,0.0,0.159,0.701,0.67,-11.68,-11.87,2
16.45,10.4,0.0,0.135,0.694,0.67,-11.68,-11.87,2
16.50,10.14,0.0,0.134,0.676,0.667,-11.43,-11.85,2
16.55,10.39,0.0,0.13,0.671,0.676,-11.43,-11.85,2
16.60,9.93,0.0,0.135,0.659,0.672,-12.0,-11.9,2
16.65,10.24,0.0,0.126,0.65,0.673,-12.54,-11.91,2
16.70,10.0,0.0,0.131,0.662,0.663,-12.54,-11.91,2
16.75,10.3,0.0,0.132,0.712,0.694,-12.54,-11.91,2
16.80,9.85,0.0,0.129,0.711,0.697,-12.27,-11.95,2
16.85,10.04,0.0,0.123,0.714,0.688,-11.81,-11.91,2
16.90,9.86,0.0,0.117,0.709,0.669,-11.81,-11.91,2
16.95,10.04,0.0,0.116,0.738,0.673,-11.81,-11.91,2
17.00,10.1,0.0,0.114,0.764,0.662,-11.49,-11.98,2
17.05,10.14,0.0,0.108,0.765,0.656,-11.49,-11.98,2
17.10,10.19,0.0,0.099,0.767,0.646,-11.13,-11.99,2
17.15,10.26,0.0,0.128,0.75,0.65,-11.44,-12.06,2
17.20,10.15,0.0,0.12,0.722,0.634,-11.44,-12.06,2
17.25,10.26,0.0,0.116,0.731,0.63,-11.44,-12.06,2
17.30,10.13,0.0,0.109,0.747,0.62,-12.09,-12.11,2
17.35,10.34,0.0,0.107,0.742,0.612,-12.46,-12.1,2
17.40,9.91,0.0,0.108,0.744,0.609,-12.46,-12.1,2
17.45,10.09,0.0,0.105,0.748,0.624,-12.46,-12.1,2
17.50,9.95,0.0,0.095,0.741,0.618,-12.97,-12.13,2
17.55,10.06,0.0,0.092,0.745,0.611,-12.97,-12.13,2
17.60,9.73,0.0,0.105,0.742,0.603,-13.12,-12.12,2
17.65,9.91,0.0,0.101,0.741,0.598,-12.93,-12.1,2
17.70,9.73,0.0,0.092,0.716,0.585,-12.93,-12.1,2
17.75,9.72,0.0,0.095,0.68,0.579,-12.93,-12.1,2
17.80,9.67,0.0,0.093,0.698,0.573,-13.44,-12.13,2
17.85,9.89,0.0,0.087,0.752,0.589,-13.46,-12.14,2
17.90,9.78,0.0,0.086,0.741,0.585,-13.46,-12.14,2
17.95,9.8,0.0,0.09,0.722,0.579,-13.46,-12.14,2
18.00,9.51,0.0,0.122,0.695,0.578,-13.7,-12.18,2
18.05,9.64,0.0,0.15,0.68,0.571,-13.7,-12.18,2
18.10,9.62,0.0,0.145,0.634,0.561,-14.43,-12.28,2
18.15,9.67,0.0,0.133,0.587,0.551,-14.88,-12.42,2
18.20,9.77,0.0,0.146,0.576,0.555,-14.88,-12.42,2
18.25,9.87,0.0,0.131,0.563,0.553,-14.88,-12.42,2
18.30,9.77,0.0,0.137,0.549,0.536,-16.4,-12.55,2
18.35,9.91,0.0,0.127,0.539,0.531,-18.24,-12.67,2
18.40,9.75,0.0,0.11,0.591,0.484,-18.24,-12.67,2
18.45,9.94,0.0,0.116,0.682,0.581,-18.24,-12.67,2
18.50,9.86,0.0,0.12,0.675,0.628,-17.76,-12.75,2
18.55,10.03,0.0,0.128,0.671,0.616,-17.76,-12.75,2
18.60,9.62,0.0,0.107,0.637,0.589,-16.17,-12.8,2
18.65,10.03,0.0,0.132,0.678,0.583,-14.99,-12.91,2
18.70,9.81,0.0,0.121,0.746,0.564,-14.99,-12.91,2
18.75,10.0,0.0,0.111,0.747,0.55,-14.99,-12.91,2
18.80,9.84,0.0,0.096,0.732,0.531,-13.89,-13.01,2
18.85,10.03,0.0,0.108,0.729,0.521,-13.92,-13.1,2
18.90,9.87,0.0,0.137,0.716,0.509,-13.92,-13.1,2
18.95,9.82,0.0,0.141,0.706,0.504,-13.92,-13.1,2
19.00,10.11,0.0,0.122,0.732,0.484,-14.24,-13.16,2
19.05,9.94,0.0,0.112,0.739,0.482,-14.24,-13.16,2
19.10,10.02,0.0,0.112,0.748,0.486,-14.33,-13.17,2
19.15,9.94,0.0,0.107,0.748,0.512,-14.14,-13.27,2
19.20,9.7,0.0,0.099,0.738,0.509,-14.14,-13.27,2
19.25,9.92,0.0,0.101,0.733,0.497,-14.14,-13.27,2
19.30,9.96,0.0,0.126,0.729,0.48,-14.02,-13.41,2
19.35,9.67,0.0,0.123,0.729,0.477,-13.72,-13.48,2
19.40,9.84,0.0,0.112,0.705,0.462,-13.72,-13.48,2
19.45,9.89,0.0,0.109,0.661,0.456,-14.19,-13.59,2
19.50,9.55,0.0,0.105,0.662,0.435,-14.19,-13.59,2
19.55,9.58,0.0,0.098,0.727,0.458,-14.19,-13.59,2
19.60,9.61,0.0,0.085,0.725,0.467,-14.5,-13.63,2
19.65,9.65,0.0,0.089,0.718,0.467,-14.15,-13.64,2
19.70,9.79,0.0,0.112,0.702,0.457,-14.15,-13.64,2
19.75,9.62,0.0,0.176,0.695,0.447,-14.15,-13.64,2
19.80,9.52,0.0,0.162,0.659,0.438,-14.65,-13.81,2
19.85,9.72,0.0,0.141,0.606,0.427,-14.92,-14.07,2
19.90,9.9,0.0,0.126,0.593,0.437,-14.92,-14.07,2
19.95,9.79,0.0,0.131,0.591,0.442,-16.21,-14.3,2
20.00,9.74,0.0,0.13,0.563,0.425,-16.21,-14.3,2
20.05,10.1,0.0,0.124,0.554,0.416,-16.21,-14.3,2
20.10,9.8,0.0,0.115,0.544,0.39,-18.7,-14.58,2
20.15,11.06,0.0,0.129,0.648,0.419,-18.74,-14.71,2
20.20,10.38,0.0,0.144,0.721,0.462,-18.74,-14.71,2
20.25,11.76,0.0,0.124,0.724,0.462,-18.74,-14.71,2
20.30,11.04,0.0,0.115,0.7,0.444,-16.46,-14.69,2
20.35,11.69,0.0,0.131,0.711,0.442,-15.26,-14.75,2
20.40,10.87,0.0,0.147,0.752,0.441,-15.26,-14.75,2
20.45,10.8,0.0,0.136,0.748,0.447,-13.7,-14.72,2
20.50,10.73,0.0,0.097,0.739,0.431,-13.7,-14.72,2
20.55,10.27,0.0,0.112,0.742,0.434,-13.7,-14.72,2
20.60,10.19,0.0,0.126,0.735,0.452,-13.46,-14.78,2
20.65,10.03,0.0,0.135,0.719,0.449,-13.81,-14.85,2
20.70,10.22,0.0,0.117,0.732,0.438,-13.81,-14.85,2
20.75,9.97,0.0,0.107,0.734,0.434,-13.81,-14.85,2
20.80,10.3,0.0,0.108,0.741,0.422,-13.77,-14.8,2
20.85,10.24,0.0,0.102,0.742,0.453,-13.74,-14.77,2
20.90,10.96,0.0,0.096,0.745,0.458,-13.74,-14.77,2
20.95,10.46,0.0,0.092,0.745,0.454,-13.5,-14.74,2
21.00,10.88,0.0,0.109,0.731,0.442,-13.5,-14.74,2
21.05,10.7,0.0,0.114,0.741,0.456,-13.5,-14.74,2
21.10,11.46,0.0,0.109,0.725,0.438,-13.14,-14.63,2
21.15,11.04,0.0,0.114,0.695,0.424,-13.39,-14.58,2
21.20,11.35,0.0,0.108,0.653,0.399,-13.39,-14.58,2
21.25,10.91,0.0,0.112,0.706,0.415,-13.39,-14.58,2
21.30,11.36,0.0,0.102,0.729,0.432,-13.9,-14.47,2
21.35,11.12,0.0,0.101,0.736,0.435,-13.71,-14.29,2
21.40,11.08,0.0,0.104,0.725,0.422,-13.71,-14.29,2
21.45,11.33,0.023,0.198,0.699,0.451,-14.13,-14.28,2
21.50,11.29,0.008,0.217,0.665,0.468,-14.13,-14.28,2
21.55,11.49,0.006,0.203,0.658,0.466,-14.13,-14.28,2
21.60,11.53,0.005,0.183,0.658,0.462,-14.37,-14.38,2
21.65,11.49,0.007,0.164,0.693,0.454,-14.58,-14.42,2
21.70,11.53,0.018,0.15,0.733,0.433,-14.58,-14.42,2
21.75,11.86,0.005,0.144,0.735,0.432,-14.58,-14.42,2
21.80,11.57,0.009,0.134,0.74,0.401,-14.86,-14.42,2
21.85,11.85,0.012,0.174,0.712,0.51,-14.21,-14.32,2
21.90,11.64,0.017,0.209,0.725,0.617,-14.21,-14.32,2
21.95,11.61,0.002,0.183,0.728,0.621,-12.3,-14.05,2
22.00,11.93,0.0,0.152,0.729,0.585,-12.3,-14.05,2
22.05,11.75,0.006,0.141,0.728,0.578,-12.3,-14.05,2
22.10,11.77,0.002,0.136,0.743,0.557,-11.48,-13.9,2
22.15,11.81,0.014,0.126,0.746,0.565,-11.09,-13.83,2
22.20,12.04,0.006,0.107,0.747,0.552,-11.09,-13.83,2
22.25,11.68,0.008,0.128,0.75,0.561,-11.09,-13.83,2
22.30,11.81,0.009,0.135,0.752,0.557,-11.22,-13.79,2
22.35,11.63,0.011,0.122,0.757,0.562,-11.78,-13.71,2
22.40,11.21,0.001,0.109,0.754,0.554,-11.78,-13.71,2
22.45,11.12,0.005,0.115,0.763,0.546,-12.02,-13.56,2
22.50,11.02,0.0,0.106,0.764,0.554,-12.02,-13.56,2
22.55,11.04,0.012,0.102,0.765,0.6,-12.02,-13.56,2
22.60,10.82,0.001,0.107,0.751,0.611,-11.67,-13.4,2
22.65,11.04,0.011,0.116,0.745,0.601,-11.16,-13.3,2
22.70,10.92,0.0,0.118,0.721,0.593,-11.16,-13.3,2
22.75,11.0,0.011,0.123,0.731,0.616,-11.16,-13.3,2
22.80,10.84,0.0,0.114,0.705,0.623,-11.14,-13.17,2
22.85,10.93,0.001,0.121,0.687,0.603,-11.45,-13.07,2
22.90,10.81,0.0,0.125,0.638,0.579,-11.45,-13.07,2
22.95,10.99,0.004,0.118,0.674,0.603,-12.04,-12.94,2
23.00,10.5,0.001,0.105,0.713,0.637,-12.04,-12.94,2
23.05,10.77,0.013,0.115,0.711,0.646,-12.04,-12.94,2
23.10,10.39,0.008,0.115,0.687,0.638,-11.95,-12.71,2
23.15,10.7,0.019,0.211,0.663,0.656,-11.74,-12.57,2
23.20,10.55,0.018,0.218,0.648,0.648,-11.74,-12.57,2
23.25,10.77,0.024,0.223,0.624,0.649,-11.74,-12.57,2
23.30,10.58,0.017,0.182,0.6,0.63,-11.6,-12.56,2
23.35,10.97,0.016,0.158,0.571,0.635,-11.77,-12.54,2
23.40,10.81,0.021,0.144,0.56,0.615,-11.77,-12.54,2
23.45,10.95,0.021,0.147,0.545,0.604,-12.42,-12.56,2
23.50,10.72,0.008,0.133,0.552,0.585,-12.42,-12.56,2
23.55,11.17,0.016,0.139,0.586,0.593,-12.42,-12.56,2
23.60,11.04,0.017,0.135,0.631,0.654,-13.0,-12.52,2
23.65,11.2,0.02,0.142,0.631,0.688,-11.83,-12.31,2
23.70,10.6,0.017,0.129,0.634,0.661,-11.83,-12.31,2
23.75,11.12,0.02,0.123,0.637,0.647,-11.83,-12.31,2
23.80,10.9,0.001,0.136,0.717,0.626,-11.24,-12.2,2
23.85,10.69,0.01,0.127,0.77,0.625,-10.57,-12.11,2
23.90,10.62,0.003,0.128,0.759,0.618,-10.57,-12.11,2
23.95,10.53,0.004,0.121,0.751,0.612,-10.42,-12.06,2
24.00,10.42,0.009,0.137,0.751,0.601,-10.42,-12.06,2
24.05,10.43,0.008,0.123,0.739,0.582,-10.42,-12.06,2
24.10,10.56,0.0,0.121,0.716,0.575,-11.24,-12.06,2
24.15,10.42,0.0,0.114,0.72,0.565,-11.68,-12.0,2
24.20,10.59,0.0,0.12,0.721,0.545,-11.68,-12.0,2
24.25,10.75,0.0,0.117,0.742,0.546,-11.68,-12.0,2
24.30,10.69,0.0,0.124,0.733,0.546,-12.16,-11.92,2
24.35,10.65,0.0,0.109,0.744,0.528,-12.21,-11.9,2
24.40,10.48,0.0,0.105,0.735,0.516,-12.21,-11.9,2
24.45,10.47,0.0,0.093,0.737,0.499,-12.27,-11.87,2
24.50,10.49,0.0,0.105,0.73,0.495,-12.27,-11.87,2
24.55,10.35,0.0,0.098,0.705,0.467,-12.27,-11.87,2
24.60,10.19,0.0,0.121,0.659,0.447,-12.51,-11.82,2
24.65,10.11,0.0,0.142,0.683,0.425,-13.54,-11.84,2
24.70,9.85,0.0,0.129,0.74,0.421,-13.54,-11.84,2
24.75,10.01,0.0,0.142,0.745,0.413,-13.54,-11.84,2
24.80,9.66,0.0,0.147,0.73,0.403,-13.37,-11.78,2
24.85,9.46,0.0,0.226,0.707,0.403,-13.48,-11.81,2
24.90,9.77,0.0,0.278,0.678,0.408,-13.48,-11.81,2
24.95,9.66,0.006,0.284,0.643,0.394,-14.04,-12.0,2
25.00,9.83,0.002,0.183,0.601,0.371,-14.04,-12.0,2
25.05,9.92,0.0,0.168,0.564,0.362,-14.04,-12.0,2
25.10,9.82,0.0,0.153,0.553,0.342,-14.45,-12.16,2
25.15,10.02,0.018,0.146,0.531,0.327,-16.88,-12.32,2
25.20,9.78,0.0,0.147,0.522,0.322,-16.88,-12.32,2
25.25,9.69,0.006,0.166,0.518,0.316,-16.88,-12.32,2
25.30,9.56,0.014,0.153,0.665,0.313,-19.57,-12.42,2
25.35,9.65,0.018,0.148,0.717,0.324,-16.43,-12.42,2
25.40,9.58,0.015,0.176,0.715,0.322,-16.43,-12.42,2
25.45,9.22,0.007,0.169,0.696,0.312,-14.84,-12.46,2
25.50,9.14,0.0,0.148,0.73,0.307,-14.84,-12.46,2
25.55,9.32,0.0,0.139,0.763,0.309,-14.84,-12.46,2
25.60,9.12,0.0,0.126,0.761,0.301,-13.3,-12.53,2
25.65,9.14,0.0,0.109,0.74,0.293,-12.63,-12.64,2
25.70,9.41,0.0,0.109,0.74,0.289,-12.63,-12.64,2
25.75,9.23,0.0,0.115,0.739,0.293,-12.63,-12.64,2
25.80,9.39,0.0,0.122,0.731,0.283,-13.22,-12.72,2
25.85,9.26,0.0,0.114,0.749,0.281,-13.42,-12.73,2
25.90,9.4,0.002,0.109,0.746,0.275,-13.42,-12.73,2
25.95,9.48,0.0,0.115,0.748,0.26,-13.46,-12.72,2
26.00,9.6,0.0,0.11,0.747,0.276,-13.46,-12.72,2
26.05,9.3,0.0,0.112,0.754,0.262,-13.07,-12.8,2
26.10,9.52,0.0,0.097,0.761,0.26,-13.07,-12.8,2
26.15,9.66,0.018,0.103,0.739,0.24,-12.92,-12.9,2
26.20,9.37,0.0,0.125,0.744,0.248,-12.92,-12.9,2
26.25,9.38,0.0,0.113,0.722,0.22,-12.92,-12.9,2
26.30,9.33,0.0,0.114,0.667,0.203,-12.77,-12.91,2
26.35,9.23,0.0,0.083,0.632,0.157,-13.88,-13.0,2
26.40,8.79,0.0,0.085,0.743,0.163,-13.88,-13.0,2
26.45,8.96,0.0,0.085,0.759,0.151,-13.42,-12.93,2
26.50,8.97,0.0,0.068,0.759,0.151,-13.42,-12.93,2
26.55,8.82,0.0,0.074,0.732,0.135,-13.63,-12.97,2
26.60,8.65,0.0,0.091,0.658,0.14,-13.63,-12.97,2
26.65,8.64,0.0,0.071,0.604,0.113,-14.94,-13.31,2
26.70,8.54,0.0,0.055,0.553,0.107,-14.94,-13.31,2
26.75,8.71,0.002,0.042,0.528,0.104,-14.94,-13.31,2
26.80,8.7,0.0,0.037,0.509,0.117,-15.4,-13.58,2
26.85,8.84,0.005,0.031,0.48,0.11,-19.78,-13.91,2
26.90,8.81,0.0,0.071,0.451,0.094,-19.78,-13.91,2
26.95,9.02,0.0,0.076,0.424,0.084,-29.78,-14.15,2
27.00,9.0,0.0,0.455,0.507,0.11,-29.78,-14.15,2
27.05,9.27,0.0,0.579,0.601,0.112,-18.05,-14.12,2
27.10,9.0,0.0,0.664,0.616,0.112,-18.05,-14.12,2
27.15,9.16,0.0,0.618,0.603,0.107,-14.06,-13.97,2
27.20,8.65,0.0,0.646,0.595,0.101,-14.06,-13.97,2
27.25,8.58,0.0,0.601,0.574,0.073,-14.06,-13.97,2
27.30,8.72,0.0,0.606,0.575,0.057,-12.3,-13.94,2
27.35,9.5,0.0,0.57,0.539,0.051,-11.08,-13.89,2
27.40,11.33,0.0,0.661,0.53,0.046,-11.08,-13.89,2
27.45,15.45,0.25,0.866,0.486,0.04,-8.88,-13.18,2
27.50,17.97,0.452,0.888,0.433,0.028,-8.88,-13.18,3
27.55,18.63,0.633,0.856,0.38,0.026,-7.13,-12.34,3
27.60,18.54,0.69,0.804,0.348,0.027,-7.13,-12.34,3
27.65,18.54,0.712,0.73,0.297,0.018,-6.61,-11.97,3
27.70,18.43,0.745,0.682,0.284,0.029,-6.61,-11.97,3
27.75,18.62,0.76,0.612,0.258,0.006,-6.61,-11.97,3
27.80,18.52,0.75,0.556,0.236,0.029,-6.53,-11.92,3
27.85,18.57,0.715,0.52,0.295,0.0,-7.74,-11.9,3
27.90,18.38,0.64,0.599,0.397,0.02,-7.74,-11.9,3
27.95,18.28,0.568,0.518,0.446,0.006,-10.16,-11.81,3
28.00,18.39,0.433,0.459,0.404,0.01,-10.16,-11.81,3
28.05,18.26,0.204,0.321,0.347,0.0,-12.78,-11.82,3
28.10,17.88,0.066,0.303,0.215,0.0,-12.78,-11.82,3
28.15,18.26,0.039,0.183,0.081,0.0,-15.32,-11.84,3
28.20,18.44,0.016,0.02,0.0,0.0,-15.32,-11.84,3
28.25,18.49,0.008,0.103,0.0,0.0,-15.32,-11.84,3
28.30,18.72,0.641,0.797,0.027,0.028,-17.8,-11.85,3
28.35,18.68,0.773,0.804,0.01,0.03,-10.79,-11.3,3
28.40,18.86,0.799,0.677,0.012,0.046,-10.79,-11.3,3
28.45,18.53,0.824,0.583,0.001,0.033,-9.1,-11.09,3
28.50,18.53,0.857,0.563,0.0,0.0,-9.1,-11.09,3
28.55,18.54,0.851,0.669,0.0,0.0,-7.57,-10.83,3
28.60,18.47,0.851,0.51,0.034,0.0,-7.57,-10.83,3
28.65,18.68,0.836,0.456,0.082,0.012,-6.38,-10.52,3
28.70,18.5,0.821,0.536,0.069,0.007,-6.38,-10.52,3
28.75,18.6,0.807,0.615,0.083,0.004,-6.38,-10.52,3
28.80,18.72,0.804,0.633,0.085,0.022,-7.19,-10.31,3
28.85,18.58,0.811,0.582,0.086,0.014,-7.09,-10.1,3
28.90,18.47,0.816,0.598,0.083,0.0,-7.09,-10.1,3
28.95,18.67,0.812,0.809,0.055,0.022,-6.69,-9.78,3
29.00,18.48,0.792,0.809,0.018,0.002,-6.69,-9.78,3
29.05,18.29,0.782,0.749,0.001,0.0,-6.59,-9.53,3
29.10,18.31,0.752,0.655,0.0,0.009,-6.59,-9.53,3
29.15,18.54,0.746,0.631,0.001,0.023,-6.96,-9.46,3
29.20,18.22,0.799,0.576,0.009,0.002,-6.96,-9.46,3
29.25,18.15,0.801,0.452,0.012,0.005,-6.96,-9.46,3
29.30,18.23,0.788,0.379,0.022,0.026,-7.31,-9.38,3
29.35,17.76,0.78,0.323,0.011,0.021,-8.82,-9.31,3
29.40,17.97,0.751,0.276,0.003,0.026,-8.82,-9.31,3
29.45,18.07,0.711,0.219,0.0,0.002,-11.14,-9.37,3
29.50,18.06,0.695,0.193,0.0,0.0,-11.14,-9.37,3
29.55,17.94,0.675,0.403,0.0,0.0,-12.41,-9.39,3
29.60,18.07,0.678,0.844,0.01,0.005,-12.41,-9.39,3
29.65,17.88,0.716,0.882,0.008,0.004,-8.72,-8.89,3
29.70,17.86,0.763,0.88,0.023,0.012,-8.72,-8.89,3
29.75,17.82,0.807,0.788,0.016,0.028,-8.72,-8.89,3
29.80,17.97,0.816,0.626,0.025,0.05,-7.54,-8.64,3
29.85,17.94,0.808,0.602,0.007,0.022,-7.01,-8.52,3
29.90,17.95,0.798,0.442,0.002,0.006,-7.01,-8.52,3
29.95,17.89,0.783,0.443,0.0,0.008,-6.6,-8.41,3
30.00,17.98,0.783,0.771,0.0,0.02,-6.6,-8.41,3
30.05,17.9,0.793,0.793,0.03,0.036,-7.27,-8.18,3
30.10,18.1,0.793,0.649,0.027,0.048,-7.27,-8.18,3
30.15,17.91,0.795,0.531,0.026,0.027,-7.96,-8.16,3
30.20,18.13,0.794,0.376,0.008,0.018,-7.96,-8.16,3
30.25,18.19,0.79,0.646,0.0,0.025,-7.96,-8.16,3
30.30,18.19,0.782,0.544,0.004,0.02,-7.8,-8.1,3
30.35,18.07,0.815,0.527,0.038,0.043,-7.35,-8.01,3
30.40,18.19,0.811,0.564,0.053,0.047,-7.35,-8.01,3
30.45,18.06,0.813,0.679,0.048,0.047,-7.98,-8.07,3
30.50,17.9,0.795,0.666,0.046,0.045,-7.98,-8.07,3
30.55,18.0,0.793,0.653,0.031,0.025,-7.84,-8.27,3
30.60,17.85,0.815,0.576,0.017,0.016,-7.84,-8.27,3
30.65,17.73,0.84,0.583,0.026,0.061,-7.62,-8.27,3
30.70,17.99,0.839,0.56,0.013,0.023,-7.62,-8.27,3
30.75,17.42,0.82,0.409,0.007,0.0,-7.62,-8.27,3
30.80,17.72,0.818,0.437,0.0,0.01,-7.75,-8.21,3
30.85,17.84,0.813,0.814,0.0,0.0,-7.81,-8.08,3
30.90,17.67,0.79,0.85,0.0,0.0,-7.81,-8.08,3
30.95,17.91,0.792,0.824,0.004,0.0,-6.64,-7.82,3
31.00,17.56,0.799,0.75,0.0,0.0,-6.64,-7.82,3
31.05,17.91,0.805,0.616,0.0,0.0,-6.93,-7.72,3
31.10,17.85,0.813,0.667,0.0,0.0,-6.93,-7.72,3
31.15,17.75,0.824,0.656,0.0,0.0,-6.57,-7.54,3
31.20,17.74,0.838,0.525,0.0,0.0,-6.57,-7.54,3
31.25,17.6,0.847,0.438,0.0,0.0,-6.57,-7.54,3
31.30,17.61,0.844,0.737,0.067,0.002,-6.34,-7.34,3
31.35,17.61,0.833,0.779,0.074,0.0,-6.9,-7.42,3
31.40,17.7,0.834,0.72,0.072,0.0,-6.9,-7.42,3
31.45,17.59,0.809,0.639,0.048,0.0,-6.76,-7.43,3
31.50,17.93,0.802,0.611,0.026,0.0,-6.76,-7.43,3
31.55,17.74,0.799,0.646,0.0,0.0,-7.23,-7.49,3
31.60,17.89,0.771,0.484,0.0,0.0,-7.23,-7.49,3
31.65,17.7,0.774,0.49,0.0,0.0,-8.08,-7.59,3
31.70,17.89,0.78,0.431,0.0,0.0,-8.08,-7.59,3
31.75,17.69,0.792,0.797,0.021,0.031,-8.08,-7.59,3
31.80,18.07,0.784,0.729,0.019,0.03,-7.68,-7.48,3
31.85,17.77,0.792,0.52,0.021,0.0,-7.85,-7.53,3
31.90,18.03,0.779,0.425,0.016,0.015,-7.85,-7.53,3
31.95,17.91,0.784,0.625,0.043,0.005,-7.86,-7.66,3
32.00,18.1,0.773,0.633,0.264,0.025,-7.86,-7.66,3
32.05,17.65,0.794,0.497,0.529,0.076,-7.48,-7.72,3
32.10,17.8,0.803,0.417,0.622,0.091,-7.48,-7.72,3
32.15,17.85,0.81,0.638,0.596,0.077,-7.48,-7.72,3
32.20,17.65,0.812,0.672,0.592,0.094,-8.19,-7.65,3
32.25,17.56,0.788,0.622,0.56,0.095,-8.19,-7.65,3
32.30,18.13,0.781,0.521,0.594,0.095,-7.88,-7.61,3
32.35,17.95,0.761,0.79,0.664,0.108,-7.28,-7.47,3
32.40,18.22,0.738,0.862,0.677,0.118,-7.28,-7.47,3
32.45,17.8,0.726,0.839,0.681,0.116,-6.21,-7.2,3
32.50,17.91,0.74,0.783,0.678,0.133,-6.21,-7.2,3
32.55,18.06,0.746,0.658,0.69,0.132,-6.35,-7.1,3
32.60,18.36,0.748,0.629,0.682,0.147,-6.35,-7.1,3
32.65,18.1,0.668,0.569,0.723,0.147,-6.35,-7.1,3
32.70,18.39,0.488,0.548,0.709,0.159,-6.38,-7.3,3
32.75,18.29,0.354,0.534,0.738,0.157,-6.38,-7.3,3
32.80,18.43,0.224,0.724,0.696,0.173,-7.09,-7.41,3
32.85,18.3,0.118,0.674,0.726,0.154,-8.26,-7.35,3
32.90,18.33,0.093,0.5,0.703,0.159,-8.26,-7.35,3
32.95,17.97,0.085,0.473,0.706,0.155,-8.86,-7.37,3
33.00,18.19,0.109,0.831,0.69,0.165,-8.86,-7.37,3
33.05,18.2,0.108,0.884,0.707,0.151,-7.58,-7.34,3
33.10,18.31,0.086,0.886,0.718,0.157,-7.58,-7.34,3
33.15,18.21,0.086,0.791,0.713,0.171,-7.58,-7.34,3
33.20,18.22,0.064,0.596,0.701,0.167,-6.92,-7.28,3
33.25,17.98,0.052,0.584,0.69,0.171,-6.92,-7.28,3
33.30,18.15,0.039,0.508,0.687,0.173,-7.42,-7.31,3
33.35,17.92,0.005,0.44,0.7,0.172,-7.38,-7.37,3
33.40,18.23,0.0,0.47,0.714,0.179,-7.38,-7.37,3
33.45,18.17,0.416,0.768,0.671,0.181,-7.8,-7.32,3
33.50,18.32,0.702,0.74,0.652,0.2,-7.8,-7.32,3
33.55,18.38,0.729,0.593,0.646,0.201,-7.99,-7.29,3
33.60,18.32,0.696,0.542,0.666,0.201,-7.99,-7.29,3
33.65,18.1,0.669,0.665,0.637,0.18,-7.99,-7.29,3
33.70,18.32,0.674,0.658,0.641,0.173,-6.7,-7.18,3
33.75,18.44,0.707,0.545,0.631,0.164,-6.7,-7.18,3
33.80,18.25,0.728,0.489,0.635,0.164,-5.89,-7.1,3
33.85,18.23,0.718,0.686,0.63,0.17,-5.94,-7.05,3
33.90,18.34,0.718,0.714,0.627,0.173,-5.94,-7.05,3
33.95,18.33,0.711,0.612,0.598,0.177,-5.63,-7.12,3
34.00,18.58,0.72,0.533,0.601,0.176,-5.63,-7.12,3
34.05,18.5,0.688,0.569,0.592,0.172,-5.94,-7.03,3
34.10,18.61,0.693,0.669,0.559,0.169,-5.94,-7.03,3
34.15,17.93,0.689,0.575,0.533,0.155,-5.94,-7.03,3
34.20,18.09,0.698,0.536,0.518,0.148,-5.95,-7.0,3
34.25,17.47,0.692,0.539,0.507,0.166,-5.95,-7.0,3
34.30,17.75,0.67,0.833,0.448,0.151,-5.92,-6.98,3
34.35,18.11,0.671,0.866,0.425,0.13,-5.34,-6.86,3
34.40,18.6,0.726,0.85,0.395,0.118,-5.34,-6.86,3
34.45,18.3,0.748,0.792,0.377,0.114,-5.33,-6.79,3
34.50,18.57,0.765,0.732,0.346,0.114,-5.33,-6.79,3
34.55,18.44,0.773,0.687,0.32,0.111,-5.73,-6.78,3
34.60,18.3,0.776,0.61,0.281,0.089,-5.73,-6.78,3
34.65,18.19,0.749,0.594,0.256,0.096,-5.73,-6.78,3
34.70,18.55,0.723,0.563,0.254,0.066,-6.51,-6.79,3
34.75,18.3,0.64,0.72,0.32,0.083,-6.51,-6.79,3
34.80,18.5,0.524,0.716,0.358,0.083,-8.47,-6.94,3
34.85,18.54,0.4,0.604,0.313,0.07,-10.4,-7.0,3
34.90,18.43,0.188,0.518,0.283,0.035,-10.4,-7.0,3
34.95,18.28,0.049,0.635,0.199,0.031,-12.19,-7.07,3
35.00,18.47,0.0,0.62,0.14,0.009,-12.19,-7.07,3
35.05,18.25,0.0,0.494,0.098,0.017,-14.02,-7.19,3
35.10,18.4,0.0,0.458,0.087,0.0,-14.02,-7.19,3
35.15,18.39,0.553,0.767,0.085,0.081,-14.02,-7.19,3
35.20,18.35,0.745,0.803,0.073,0.081,-11.35,-7.18,3
35.25,18.35,0.785,0.674,0.054,0.07,-11.35,-7.18,3
35.30,18.3,0.808,0.566,0.041,0.07,-9.61,-7.16,3
35.35,18.24,0.842,0.553,0.03,0.024,-8.28,-7.19,3
35.40,18.34,0.828,0.692,0.02,0.042,-8.28,-7.19,3
35.45,18.28,0.84,0.553,0.038,0.033,-7.12,-7.33,3
35.50,18.3,0.844,0.44,0.102,0.077,-7.12,-7.33,3
35.55,18.31,0.82,0.466,0.098,0.069,-7.15,-7.3,3
35.60,18.4,0.801,0.629,0.098,0.054,-7.15,-7.3,3
35.65,18.26,0.807,0.632,0.089,0.061,-7.15,-7.3,3
35.70,18.31,0.815,0.626,0.085,0.042,-7.12,-7.27,3
35.75,18.19,0.811,0.577,0.086,0.025,-7.12,-7.27,3
35.80,18.25,0.816,0.793,0.075,0.044,-7.34,-7.22,3
35.85,18.23,0.777,0.826,0.065,0.026,-6.33,-7.07,3
35.90,18.29,0.762,0.815,0.065,0.021,-6.33,-7.07,3
35.95,18.21,0.747,0.736,0.047,0.038,-6.8,-7.06,3
36.00,18.21,0.721,0.681,0.039,0.045,-6.8,-7.06,3
36.05,18.16,0.795,0.65,0.025,0.024,-7.11,-7.21,3
36.10,18.04,0.811,0.507,0.03,0.028,-7.11,-7.21,3
36.15,18.05,0.799,0.413,0.037,0.041,-7.11,-7.21,3
36.20,18.22,0.79,0.331,0.031,0.039,-7.42,-7.29,3
36.25,18.24,0.742,0.282,0.02,0.04,-7.42,-7.29,3
36.30,18.14,0.71,0.219,0.006,0.029,-10.06,-7.33,3
36.35,18.12,0.677,0.197,0.007,0.022,-11.24,-7.39,3
36.40,18.17,0.658,0.234,0.001,0.011,-11.24,-7.39,3
36.45,18.2,0.652,0.827,0.019,0.033,-10.34,-7.43,3
36.50,18.12,0.692,0.878,0.01,0.026,-10.34,-7.43,3
36.55,18.09,0.765,0.891,0.018,0.025,-7.68,-7.25,3
36.60,18.09,0.798,0.805,0.017,0.035,-7.68,-7.25,3
36.65,18.22,0.799,0.625,0.018,0.04,-7.68,-7.25,3
36.70,18.09,0.806,0.595,0.002,0.017,-7.29,-7.41,3
36.75,18.14,0.796,0.441,0.003,0.001,-7.29,-7.41,3
36.80,18.06,0.794,0.438,0.0,0.012,-6.79,-7.54,3
36.85,18.17,0.788,0.696,0.0,0.006,-6.59,-7.55,3
36.90,18.09,0.795,0.794,0.018,0.043,-6.59,-7.55,3
36.95,18.1,0.802,0.691,0.006,0.045,-8.03,-7.62,3
37.00,18.17,0.806,0.527,0.015,0.044,-8.03,-7.62,3
37.05,18.17,0.794,0.387,0.004,0.026,-8.02,-7.73,3
37.10,18.05,0.789,0.649,0.004,0.029,-8.02,-7.73,3
37.15,18.22,0.785,0.62,0.007,0.021,-8.02,-7.73,3
37.20,18.14,0.821,0.641,0.013,0.049,-7.81,-7.84,3
37.25,18.18,0.822,0.65,0.007,0.036,-7.81,-7.84,3
37.30,17.95,0.792,0.818,0.018,0.031,-8.05,-7.89,3
37.35,18.07,0.736,0.873,0.008,0.027,-6.86,-7.92,3
37.40,17.83,0.739,0.844,0.004,0.018,-6.86,-7.92,3
37.45,17.99,0.746,0.764,0.0,0.018,-6.61,-8.0,3
37.50,17.64,0.814,0.641,0.0,0.053,-6.61,-8.0,3
37.55,17.74,0.832,0.593,0.0,0.049,-6.31,-7.96,3
37.60,17.55,0.819,0.426,0.0,0.025,-6.31,-7.96,3
37.65,17.94,0.82,0.423,0.0,0.022,-6.31,-7.96,3
37.70,17.48,0.829,0.55,0.0,0.0,-6.66,-7.92,3
37.75,18.07,0.817,0.827,0.0,0.0,-6.66,-7.92,3
37.80,17.78,0.796,0.821,0.0,0.0,-7.01,-7.72,3
37.85,17.77,0.792,0.757,0.0,0.0,-6.67,-7.57,3
37.90,17.74,0.787,0.655,0.0,0.0,-6.67,-7.57,3
37.95,17.79,0.807,0.714,0.0,0.023,-6.81,-7.46,3
38.00,17.62,0.828,0.716,0.0,0.001,-6.81,-7.46,3
38.05,17.81,0.832,0.546,0.0,0.008,-6.42,-7.29,3
38.10,17.74,0.852,0.486,0.0,0.003,-6.42,-7.29,3
38.15,17.82,0.839,0.773,0.009,0.028,-6.42,-7.29,3
38.20,17.7,0.834,0.817,0.016,0.028,-6.68,-7.26,3
38.25,17.77,0.828,0.739,0.021,0.025,-6.68,-7.26,3
38.30,17.75,0.807,0.674,0.014,0.025,-6.82,-7.25,3
38.35,17.57,0.805,0.623,0.002,0.017,-7.03,-7.3,3
38.40,17.76,0.802,0.654,0.0,0.026,-7.03,-7.3,3
38.45,17.73,0.782,0.529,0.0,0.0,-7.62,-7.36,3
38.50,17.83,0.793,0.5,0.0,0.006,-7.62,-7.36,3
38.55,17.73,0.786,0.406,0.0,0.0,-8.44,-7.42,3
38.60,17.82,0.81,0.814,0.004,0.098,-8.44,-7.42,3
38.65,17.77,0.799,0.797,0.008,0.108,-7.84,-7.34,3
38.70,17.7,0.803,0.561,0.008,0.081,-7.84,-7.34,3
38.75,17.55,0.792,0.495,0.024,0.092,-7.84,-7.34,3
38.80,17.58,0.792,0.639,0.039,0.101,-8.02,-7.38,3
38.85,17.36,0.787,0.66,0.165,0.101,-7.86,-7.58,3
38.90,17.53,0.805,0.526,0.445,0.216,-7.86,-7.58,3
38.95,17.46,0.817,0.429,0.505,0.235,-7.41,-7.5,3
39.00,17.45,0.82,0.558,0.512,0.231,-7.41,-7.5,3
39.05,17.77,0.827,0.56,0.519,0.234,-8.03,-7.46,3
39.10,17.8,0.792,0.499,0.505,0.221,-8.03,-7.46,3
39.15,17.69,0.79,0.411,0.546,0.207,-7.77,-7.43,3
39.20,17.79,0.771,0.66,0.599,0.233,-7.77,-7.43,3
39.25,17.59,0.761,0.829,0.634,0.257,-7.77,-7.43,3
39.30,17.86,0.74,0.818,0.6,0.26,-6.57,-7.19,3
39.35,17.69,0.76,0.764,0.609,0.265,-6.27,-7.01,3
39.40,17.75,0.77,0.663,0.604,0.275,-6.27,-7.01,3
39.45,17.64,0.768,0.588,0.598,0.267,-6.31,-7.03,3
39.50,17.62,0.718,0.552,0.64,0.284,-6.31,-7.03,3
39.55,17.58,0.608,0.484,0.664,0.277,-6.45,-7.25,3
39.60,17.66,0.413,0.469,0.657,0.277,-6.45,-7.25,3
39.65,17.43,0.184,0.565,0.649,0.29,-7.82,-7.26,3
39.70,17.54,0.077,0.524,0.635,0.288,-7.82,-7.26,3
39.75,17.24,0.09,0.442,0.66,0.27,-7.82,-7.26,3
39.80,17.73,0.068,0.442,0.626,0.281,-9.04,-7.26,3
39.85,17.3,0.068,0.776,0.628,0.273,-9.21,-7.33,3
39.90,17.5,0.081,0.854,0.617,0.274,-9.21,-7.33,3
39.95,17.46,0.079,0.878,0.635,0.281,-6.95,-7.12,3
40.00,17.55,0.099,0.825,0.621,0.29,-6.95,-7.12,3
40.05,17.29,0.033,0.618,0.623,0.279,-7.0,-7.13,3
40.10,17.28,0.009,0.59,0.618,0.274,-7.0,-7.13,3
40.15,17.19,0.0,0.564,0.61,0.28,-7.02,-7.16,3
40.20,17.16,0.0,0.513,0.619,0.276,-7.02,-7.16,3
40.25,17.22,0.0,0.517,0.631,0.286,-7.02,-7.16,3
40.30,17.36,0.423,0.713,0.596,0.291,-7.39,-7.25,3
40.35,17.24,0.706,0.718,0.567,0.302,-8.44,-7.31,3
40.40,17.36,0.729,0.561,0.574,0.344,-8.44,-7.31,3
40.45,17.18,0.718,0.513,0.595,0.38,-7.63,-7.27,3
40.50,17.27,0.689,0.652,0.581,0.371,-7.63,-7.27,3
40.55,17.27,0.69,0.66,0.581,0.36,-6.74,-7.23,3
40.60,17.28,0.706,0.553,0.577,0.351,-6.74,-7.23,3
40.65,17.14,0.718,0.512,0.573,0.362,-6.05,-7.15,3
40.70,17.26,0.708,0.529,0.565,0.363,-6.05,-7.15,3
40.75,17.07,0.711,0.574,0.559,0.356,-6.05,-7.15,3
40.80,17.18,0.71,0.563,0.541,0.365,-6.11,-7.17,3
40.85,16.91,0.715,0.465,0.524,0.354,-6.09,-7.18,3
40.90,17.01,0.709,0.403,0.508,0.364,-6.09,-7.18,3
40.95,16.38,0.703,0.647,0.461,0.347,-6.14,-7.12,3
41.00,16.61,0.693,0.619,0.435,0.333,-6.14,-7.12,3
41.05,15.94,0.711,0.512,0.409,0.332,-6.25,-7.12,3
41.10,16.65,0.699,0.515,0.418,0.339,-6.25,-7.12,3
41.15,15.57,0.698,0.787,0.382,0.333,-6.14,-7.08,3
41.20,16.43,0.737,0.839,0.382,0.329,-6.14,-7.08,4
41.25,16.23,0.788,0.82,0.373,0.336,-6.14,-7.08,4
41.30,16.68,0.819,0.752,0.359,0.322,-5.35,-6.93,4
41.35,16.76,0.835,0.67,0.342,0.313,-5.19,-6.82,4
41.40,16.77,0.85,0.626,0.329,0.314,-5.19,-6.82,4
41.45,17.13,0.842,0.547,0.301,0.306,-5.26,-6.77,4
41.50,16.82,0.827,0.522,0.269,0.302,-5.26,-6.77,4
41.55,17.2,0.783,0.489,0.222,0.266,-6.04,-6.78,4
41.60,17.2,0.709,0.864,0.201,0.259,-6.04,-6.78,4
41.65,17.42,0.674,0.895,0.177,0.234,-5.9,-6.67,4
41.70,17.2,0.724,0.843,0.165,0.245,-5.9,-6.67,4
41.75,17.28,0.752,0.771,0.146,0.249,-5.9,-6.67,4
41.80,17.24,0.762,0.726,0.142,0.247,-6.19,-6.6,4
41.85,17.35,0.769,0.688,0.128,0.237,-6.59,-6.62,4
41.90,17.36,0.761,0.616,0.127,0.231,-6.59,-6.62,4
41.95,17.44,0.745,0.599,0.12,0.225,-6.73,-6.7,4
42.00,17.38,0.705,0.718,0.093,0.206,-6.73,-6.7,4
42.05,17.44,0.759,0.755,0.09,0.192,-7.49,-6.62,4
42.10,17.53,0.801,0.651,0.07,0.183,-7.49,-6.62,4
42.15,17.43,0.808,0.538,0.064,0.174,-7.86,-6.61,4
42.20,17.5,0.829,0.49,0.053,0.145,-7.86,-6.61,4
42.25,17.65,0.829,0.671,0.053,0.164,-7.86,-6.61,4
42.30,17.53,0.828,0.576,0.059,0.159,-7.31,-6.71,4
42.35,17.66,0.838,0.538,0.076,0.191,-6.52,-6.73,4
42.40,17.63,0.824,0.525,0.068,0.184,-6.52,-6.73,4
42.45,17.73,0.817,0.645,0.074,0.174,-7.22,-6.74,4
42.50,17.67,0.826,0.655,0.071,0.174,-7.22,-6.74,4
42.55,17.63,0.826,0.649,0.064,0.163,-7.08,-6.69,4
42.60,17.66,0.824,0.579,0.061,0.149,-7.08,-6.69,4
42.65,17.68,0.824,0.792,0.062,0.154,-6.8,-6.59,4
42.70,17.59,0.789,0.829,0.041,0.135,-6.8,-6.59,4
42.75,17.46,0.754,0.815,0.045,0.118,-6.8,-6.59,4
42.80,17.57,0.753,0.738,0.02,0.13,-6.59,-6.48,4
42.85,17.55,0.733,0.634,0.016,0.135,-7.09,-6.53,4
42.90,17.33,0.776,0.567,0.006,0.179,-7.09,-6.53,4
42.95,17.27,0.785,0.453,0.021,0.182,-7.44,-6.75,4
43.00,17.27,0.755,0.368,0.029,0.192,-7.44,-6.75,4
43.05,17.27,0.745,0.365,0.042,0.236,-8.64,-6.76,4
43.10,17.12,0.741,0.391,0.05,0.29,-8.64,-6.76,4
43.15,17.38,0.716,0.38,0.088,0.394,-10.92,-6.8,4
43.20,17.19,0.694,0.419,0.097,0.464,-10.92,-6.8,4
43.25,17.43,0.688,0.431,0.096,0.473,-10.92,-6.8,4
43.30,17.31,0.688,0.801,0.114,0.494,-11.15,-6.82,4
43.35,17.28,0.712,0.867,0.102,0.49,-8.68,-6.77,4
43.40,17.13,0.753,0.86,0.106,0.531,-8.68,-6.77,4
43.45,17.52,0.787,0.808,0.085,0.582,-7.22,-6.71,4
43.50,17.16,0.803,0.72,0.085,0.584,-7.22,-6.71,4
43.55,17.42,0.802,0.642,0.074,0.573,-6.59,-6.78,4
43.60,17.37,0.809,0.552,0.093,0.56,-6.59,-6.78,4
43.65,17.57,0.795,0.497,0.086,0.574,-6.15,-6.84,4
43.70,17.34,0.785,0.63,0.09,0.559,-6.15,-6.84,4
43.75,17.5,0.771,0.745,0.087,0.583,-6.15,-6.84,4
43.80,17.33,0.792,0.698,0.08,0.586,-6.45,-6.82,4
43.85,17.36,0.798,0.602,0.092,0.601,-7.04,-6.85,4
43.90,17.3,0.808,0.559,0.085,0.587,-7.04,-6.85,4
43.95,17.46,0.797,0.706,0.081,0.572,-6.92,-6.89,4
44.00,17.36,0.79,0.696,0.07,0.566,-6.92,-6.89,4
44.05,17.66,0.814,0.677,0.086,0.563,-6.69,-6.9,4
44.10,17.3,0.815,0.666,0.124,0.58,-6.69,-6.9,4
44.15,17.41,0.816,0.73,0.128,0.602,-7.11,-6.96,4
44.20,17.25,0.799,0.719,0.112,0.592,-7.11,-6.96,4
44.25,17.41,0.802,0.675,0.127,0.597,-7.11,-6.96,4
44.30,17.32,0.809,0.667,0.105,0.595,-7.03,-7.12,4
44.35,17.36,0.817,0.594,0.104,0.578,-6.97,-7.19,4
44.40,17.39,0.815,0.6,0.101,0.58,-6.97,-7.19,4
44.45,17.37,0.814,0.538,0.114,0.546,-6.96,-7.18,4
44.50,17.38,0.81,0.593,0.105,0.563,-6.96,-7.18,4
44.55,17.34,0.826,0.544,0.099,0.54,-7.27,-7.14,4
44.60,17.09,0.805,0.818,0.095,0.54,-7.27,-7.14,4
44.65,17.24,0.787,0.84,0.097,0.523,-6.26,-7.18,4
44.70,17.13,0.801,0.799,0.082,0.523,-6.26,-7.18,4
44.75,17.4,0.814,0.719,0.092,0.522,-6.26,-7.18,4
44.80,17.19,0.822,0.691,0.088,0.559,-6.28,-7.2,4
44.85,17.55,0.822,0.66,0.098,0.602,-5.97,-7.08,4
44.90,17.38,0.847,0.504,0.092,0.634,-5.97,-7.08,4
44.95,17.52,0.848,0.471,0.093,0.629,-5.39,-6.91,4
45.00,17.3,0.837,0.733,0.115,0.615,-5.39,-6.91,4
45.05,17.47,0.814,0.755,0.153,0.593,-5.87,-6.94,4
45.10,17.33,0.803,0.678,0.155,0.57,-5.87,-6.94,4
45.15,17.47,0.817,0.671,0.141,0.552,-5.77,-6.91,4
45.20,17.26,0.797,0.628,0.132,0.522,-5.77,-6.91,4
45.25,17.4,0.806,0.701,0.123,0.543,-5.77,-6.91,4
45.30,17.26,0.807,0.669,0.113,0.55,-6.2,-6.92,4
45.35,17.32,0.805,0.645,0.106,0.542,-6.95,-6.97,4
45.40,17.22,0.798,0.607,0.117,0.544,-6.95,-6.97,4
45.45,17.39,0.799,0.787,0.109,0.549,-6.84,-6.89,4
45.50,17.21,0.801,0.795,0.112,0.572,-6.84,-6.89,4
45.55,17.34,0.801,0.688,0.116,0.542,-7.04,-6.9,4
45.60,17.38,0.804,0.666,0.122,0.56,-7.04,-6.9,4
45.65,17.34,0.799,0.724,0.122,0.54,-7.0,-6.95,4
45.70,17.29,0.801,0.734,0.13,0.55,-7.0,-6.95,4
45.75,17.42,0.794,0.61,0.22,0.527,-7.0,-6.95,4
45.80,17.16,0.811,0.568,0.373,0.537,-6.79,-7.0,4
45.85,17.55,0.796,0.684,0.416,0.547,-7.18,-6.9,4
45.90,17.36,0.809,0.681,0.427,0.548,-7.18,-6.9,4
45.95,17.37,0.796,0.662,0.459,0.546,-7.01,-6.85,4
46.00,17.37,0.792,0.597,0.505,0.527,-7.01,-6.85,4
46.05,17.44,0.781,0.618,0.544,0.536,-6.91,-6.76,4
46.10,17.19,0.788,0.825,0.515,0.527,-6.91,-6.76,4
46.15,17.34,0.75,0.859,0.527,0.513,-5.75,-6.5,4
46.20,17.23,0.762,0.81,0.537,0.485,-5.75,-6.5,4
46.25,17.28,0.785,0.75,0.552,0.488,-5.75,-6.5,4
46.30,17.19,0.793,0.683,0.537,0.488,-5.62,-6.37,4
46.35,17.25,0.737,0.658,0.542,0.493,-5.52,-6.46,4
46.40,17.06,0.625,0.726,0.564,0.487,-5.52,-6.46,4
46.45,17.16,0.458,0.727,0.519,0.476,-5.56,-6.53,4
46.50,16.92,0.18,0.797,0.548,0.465,-5.56,-6.53,4
46.55,17.0,0.064,0.768,0.521,0.455,-6.65,-6.5,4
46.60,16.95,0.049,0.685,0.575,0.452,-6.65,-6.5,4
46.65,17.31,0.036,0.694,0.539,0.451,-7.16,-6.5,4
46.70,17.06,0.028,0.728,0.578,0.447,-7.16,-6.5,4
46.75,17.19,0.058,0.862,0.515,0.446,-7.16,-6.5,4
46.80,17.22,0.044,0.905,0.565,0.462,-6.83,-6.51,4
46.85,17.11,0.029,0.834,0.535,0.449,-6.46,-6.45,4
46.90,17.0,0.022,0.707,0.557,0.446,-6.46,-6.45,4
46.95,17.04,0.003,0.668,0.517,0.418,-6.78,-6.49,4
47.00,16.82,0.0,0.685,0.533,0.426,-6.78,-6.49,4
47.05,17.04,0.0,0.6,0.506,0.416,-7.06,-6.55,4
47.10,17.07,0.0,0.583,0.524,0.433,-7.06,-6.55,4
47.15,17.19,0.372,0.769,0.502,0.414,-7.16,-6.51,4
47.20,17.16,0.674,0.779,0.477,0.404,-7.16,-6.51,4
47.25,17.38,0.708,0.718,0.47,0.413,-7.16,-6.51,4
47.30,17.15,0.694,0.644,0.467,0.461,-7.76,-6.53,4
47.35,17.39,0.683,0.674,0.45,0.436,-6.82,-6.47,4
47.40,17.01,0.67,0.722,0.426,0.425,-6.82,-6.47,4
47.45,17.31,0.677,0.653,0.421,0.422,-5.92,-6.41,4
47.50,17.22,0.674,0.657,0.396,0.411,-5.92,-6.41,4
47.55,17.3,0.671,0.633,0.373,0.402,-5.89,-6.34,4
47.60,17.14,0.678,0.724,0.345,0.404,-5.89,-6.34,4
47.65,17.42,0.683,0.742,0.326,0.397,-5.41,-6.4,4
47.70,16.92,0.695,0.667,0.291,0.384,-5.41,-6.4,4
47.75,17.03,0.701,0.593,0.304,0.385,-5.41,-6.4,4
47.80,16.73,0.686,0.675,0.265,0.383,-5.6,-6.37,4
47.85,16.95,0.688,0.685,0.27,0.375,-5.7,-6.37,4
47.90,16.32,0.696,0.613,0.244,0.356,-5.7,-6.37,4
47.95,17.18,0.691,0.617,0.261,0.351,-5.8,-6.4,4
48.00,16.85,0.662,0.803,0.234,0.346,-5.8,-6.4,4
48.05,17.4,0.68,0.863,0.235,0.316,-5.33,-6.32,4
48.10,17.35,0.698,0.842,0.218,0.291,-5.33,-6.32,4
48.15,17.73,0.723,0.771,0.203,0.26,-5.26,-6.28,4
48.20,17.39,0.734,0.698,0.172,0.261,-5.26,-6.28,4
48.25,17.79,0.75,0.691,0.155,0.252,-5.26,-6.28,4
48.30,17.47,0.741,0.646,0.118,0.235,-5.63,-6.28,4
48.35,17.64,0.732,0.607,0.13,0.219,-6.31,-6.32,4
48.40,17.6,0.705,0.558,0.173,0.199,-6.31,-6.32,4
48.45,17.58,0.639,0.725,0.35,0.208,-8.23,-6.46,4
48.50,17.38,0.55,0.737,0.377,0.186,-8.23,-6.46,4
48.55,17.38,0.438,0.684,0.338,0.158,-10.06,-6.54,4
48.60,17.34,0.271,0.647,0.275,0.1,-10.06,-6.54,4
48.65,17.6,0.09,0.636,0.185,0.056,-11.93,-6.63,4
48.70,17.36,0.011,0.642,0.113,0.061,-11.93,-6.63,4
48.75,17.38,0.0,0.435,0.055,0.036,-11.93,-6.63,4
48.80,17.23,0.0,0.546,0.088,0.074,-13.72,-6.76,4
48.85,17.53,0.297,0.698,0.061,0.116,-11.67,-6.79,4
48.90,17.42,0.734,0.776,0.094,0.179,-11.67,-6.79,4
48.95,17.48,0.772,0.737,0.078,0.167,-9.81,-6.79,4
49.00,17.33,0.808,0.62,0.063,0.15,-9.81,-6.79,4
49.05,17.59,0.837,0.48,0.058,0.113,-8.66,-6.82,4
49.10,17.39,0.833,0.669,0.068,0.134,-8.66,-6.82,4
49.15,17.39,0.829,0.648,0.113,0.139,-7.29,-6.98,4
49.20,17.39,0.844,0.565,0.175,0.169,-7.29,-6.98,4
49.25,17.42,0.835,0.547,0.17,0.177,-7.29,-6.98,4
49.30,17.42,0.827,0.669,0.165,0.191,-7.08,-7.01,4
49.35,17.37,0.822,0.7,0.164,0.195,-7.17,-7.04,4
49.40,17.31,0.829,0.687,0.138,0.178,-7.17,-7.04,4
49.45,17.35,0.825,0.62,0.121,0.152,-7.16,-7.06,4
49.50,17.35,0.808,0.803,0.116,0.211,-7.16,-7.06,4
49.55,17.41,0.766,0.866,0.086,0.214,-6.5,-6.96,4
49.60,17.4,0.674,0.86,0.08,0.202,-6.5,-6.96,4
49.65,17.49,0.636,0.788,0.042,0.22,-6.72,-6.95,4
49.70,17.42,0.568,0.648,0.001,0.21,-6.72,-6.95,4
49.75,17.65,0.399,0.733,0.205,0.306,-6.72,-6.95,4
49.80,17.39,0.216,0.752,0.278,0.342,-7.23,-7.09,4
49.85,17.61,0.133,0.69,0.268,0.342,-7.31,-7.18,4
49.90,17.3,0.124,0.644,0.264,0.354,-7.31,-7.18,4
49.95,17.4,0.144,0.672,0.25,0.351,-8.79,-7.19,4
50.00,17.35,0.126,0.635,0.243,0.333,-8.79,-7.19,4
50.05,17.36,0.103,0.714,0.226,0.326,-9.51,-7.2,4
50.10,17.22,0.064,0.703,0.221,0.323,-9.51,-7.2,4
50.15,17.5,0.504,0.792,0.193,0.386,-8.39,-7.24,4
50.20,17.25,0.699,0.842,0.171,0.386,-8.39,-7.24,4
50.25,17.4,0.753,0.835,0.141,0.41,-8.39,-7.24,4
50.30,17.32,0.766,0.808,0.11,0.441,-6.51,-7.01,4
50.35,17.35,0.765,0.711,0.098,0.479,-6.4,-7.13,4
50.40,17.26,0.776,0.708,0.084,0.49,-6.4,-7.13,4
50.45,17.59,0.778,0.643,0.086,0.466,-6.11,-7.23,4
50.50,17.36,0.777,0.683,0.079,0.483,-6.11,-7.23,4
50.55,17.29,0.775,0.625,0.072,0.478,-6.43,-7.33,4
50.60,17.27,0.786,0.749,0.074,0.504,-6.43,-7.33,4
50.65,17.35,0.795,0.762,0.07,0.493,-7.33,-7.33,4
50.70,17.22,0.796,0.729,0.069,0.483,-7.33,-7.33,4
50.75,17.35,0.796,0.688,0.062,0.464,-7.33,-7.33,4
50.80,17.33,0.789,0.723,0.063,0.458,-7.15,-7.38,4
50.85,17.35,0.802,0.712,0.062,0.454,-7.1,-7.47,4
50.90,17.19,0.809,0.713,0.069,0.454,-7.1,-7.47,4
50.95,17.07,0.812,0.733,0.098,0.494,-6.72,-7.49,4
51.00,17.06,0.786,0.822,0.108,0.503,-6.72,-7.49,4
51.05,17.04,0.743,0.869,0.097,0.488,-6.48,-7.54,4
51.10,16.93,0.729,0.862,0.094,0.475,-6.48,-7.54,4
51.15,17.08,0.73,0.81,0.075,0.483,-6.14,-7.56,4
51.20,17.01,0.781,0.728,0.077,0.486,-6.14,-7.56,4
51.25,17.1,0.813,0.691,0.062,0.499,-6.14,-7.56,4
51.30,17.0,0.805,0.657,0.066,0.477,-5.87,-7.51,4
51.35,16.87,0.804,0.736,0.064,0.47,-5.97,-7.43,4
51.40,16.91,0.804,0.698,0.065,0.445,-5.97,-7.43,4
51.45,17.06,0.796,0.826,0.056,0.436,-6.31,-7.28,4
51.50,16.83,0.767,0.869,0.06,0.409,-6.31,-7.28,4
51.55,16.76,0.769,0.834,0.051,0.401,-6.01,-7.08,4
51.60,17.06,0.777,0.763,0.05,0.389,-6.01,-7.08,4
51.65,16.92,0.786,0.725,0.057,0.434,-6.15,-6.97,4
51.70,17.13,0.802,0.695,0.074,0.481,-6.15,-6.97,4
51.75,17.04,0.809,0.572,0.074,0.491,-5.81,-6.78,4
51.80,16.99,0.822,0.559,0.077,0.491,-5.81,-6.78,4
51.85,17.01,0.818,0.697,0.073,0.478,-5.62,-6.68,4
51.90,16.98,0.809,0.752,0.078,0.47,-5.62,-6.68,4
51.95,16.93,0.793,0.709,0.07,0.456,-5.87,-6.65,4
52.00,16.82,0.799,0.711,0.074,0.432,-5.87,-6.65,4
52.05,16.96,0.792,0.69,0.058,0.427,-6.09,-6.66,4
52.10,16.91,0.787,0.702,0.065,0.461,-6.09,-6.66,4
52.15,17.06,0.785,0.724,0.052,0.445,-6.58,-6.68,4
52.20,16.83,0.783,0.711,0.057,0.431,-6.58,-6.68,4
52.25,16.89,0.773,0.703,0.05,0.416,-7.42,-6.72,4
52.30,17.01,0.778,0.781,0.049,0.435,-7.42,-6.72,4
52.35,16.91,0.779,0.807,0.044,0.45,-7.07,-6.64,4
52.40,16.86,0.789,0.712,0.055,0.468,-7.07,-6.64,4
52.45,17.01,0.787,0.71,0.053,0.458,-7.0,-6.64,4
52.50,16.85,0.773,0.694,0.053,0.427,-7.0,-6.64,4
52.55,16.9,0.777,0.719,0.039,0.422,-6.94,-6.74,4
52.60,16.83,0.775,0.604,0.046,0.418,-6.94,-6.74,4
52.65,16.85,0.793,0.635,0.146,0.456,-6.58,-6.7,4
52.70,16.83,0.784,0.664,0.161,0.46,-6.58,-6.7,4
52.75,16.98,0.79,0.759,0.169,0.443,-7.02,-6.61,4
52.80,16.95,0.786,0.759,0.199,0.424,-7.02,-6.61,4
52.85,17.02,0.778,0.759,0.222,0.435,-6.86,-6.59,4
52.90,17.01,0.778,0.704,0.257,0.449,-6.86,-6.59,4
52.95,17.06,0.765,0.843,0.243,0.455,-6.25,-6.46,4
53.00,17.1,0.733,0.873,0.262,0.446,-6.25,-6.46,4
53.05,17.07,0.752,0.848,0.26,0.424,-5.58,-6.28,4
53.10,17.11,0.761,0.793,0.299,0.42,-5.58,-6.28,4
53.15,17.01,0.76,0.742,0.291,0.42,-5.56,-6.27,4
53.20,17.12,0.726,0.702,0.344,0.414,-5.56,-6.27,4
53.25,16.99,0.619,0.701,0.345,0.415,-5.53,-6.44,4
53.30,16.9,0.404,0.75,0.363,0.391,-5.53,-6.44,4
53.35,16.89,0.152,0.735,0.351,0.386,-6.29,-6.45,4
53.40,16.74,0.1,0.677,0.362,0.369,-6.29,-6.45,4
53.45,16.91,0.057,0.711,0.344,0.369,-7.56,-6.45,4
53.50,16.89,0.055,0.746,0.35,0.372,-7.56,-6.45,4
53.55,16.88,0.015,0.729,0.331,0.355,-8.28,-6.47,4
53.60,16.81,0.026,0.841,0.333,0.338,-8.28,-6.47,4
53.65,16.99,0.024,0.902,0.33,0.338,-6.92,-6.39,4
53.70,16.82,0.033,0.888,0.341,0.321,-6.92,-6.39,4
53.75,16.7,0.017,0.728,0.333,0.314,-6.51,-6.37,4
53.80,16.65,0.041,0.667,0.344,0.311,-6.51,-6.37,4
53.85,16.67,0.035,0.703,0.326,0.303,-6.74,-6.41,4
53.90,16.63,0.023,0.667,0.355,0.303,-6.74,-6.41,4
53.95,16.59,0.0,0.596,0.347,0.301,-6.77,-6.48,4
54.00,16.5,0.148,0.73,0.354,0.296,-6.77,-6.48,4
54.05,16.52,0.288,0.762,0.354,0.296,-7.54,-6.52,4
54.10,16.44,0.341,0.723,0.37,0.287,-7.54,-6.52,4
54.15,16.42,0.287,0.669,0.354,0.298,-7.56,-6.54,4
54.20,16.19,0.263,0.644,0.36,0.285,-7.56,-6.54,4
54.25,16.25,0.25,0.665,0.328,0.272,-6.65,-6.52,4
54.30,16.08,0.25,0.55,0.353,0.233,-6.65,-6.52,4
54.35,16.13,0.265,0.559,0.35,0.24,-5.91,-6.47,4
54.40,15.96,0.276,0.493,0.367,0.251,-5.91,-6.47,4
54.45,15.84,0.282,0.533,0.43,0.266,-6.13,-6.49,4
54.50,15.78,0.198,0.461,0.529,0.23,-6.13,-6.49,4
54.55,16.04,0.057,0.375,0.559,0.195,-6.24,-6.58,4
54.60,15.0,0.0,0.378,0.509,0.116,-6.24,-6.58,4
54.65,14.84,0.0,0.576,0.314,0.0,-7.36,-6.68,4
54.70,14.75,0.0,0.493,0.141,0.0,-7.36,-6.68,4
54.75,16.11,0.0,0.058,0.0,0.0,-9.43,-6.87,4
54.80,17.36,0.013,0.03,0.0,0.0,-9.43,-6.87,4
54.85,18.6,0.28,0.695,0.117,0.034,-10.96,-7.03,4
54.90,20.3,0.464,0.857,0.188,0.07,-10.96,-7.03,5
54.95,19.81,0.567,0.882,0.155,0.086,-8.72,-6.92,5
55.00,19.99,0.626,0.834,0.142,0.074,-8.72,-6.92,5
55.05,19.85,0.63,0.758,0.097,0.039,-7.71,-6.89,5
55.10,20.18,0.631,0.717,0.09,0.022,-7.71,-6.89,5
55.15,20.19,0.65,0.697,0.069,0.022,-7.08,-6.93,5
55.20,20.43,0.651,0.653,0.062,0.005,-7.08,-6.93,5
55.25,20.36,0.667,0.629,0.056,0.004,-7.21,-7.0,5
55.30,20.54,0.617,0.757,0.063,0.103,-7.21,-7.0,5
55.35,20.37,0.479,0.806,0.055,0.161,-8.64,-7.09,5
55.40,20.2,0.375,0.796,0.054,0.131,-8.64,-7.09,5
55.45,20.06,0.256,0.786,0.055,0.104,-9.08,-7.11,5
55.50,20.18,0.111,0.736,0.04,0.052,-9.08,-7.11,5
55.55,20.15,0.005,0.76,0.019,0.059,-8.98,-7.16,5
55.60,20.36,0.0,0.704,0.022,0.059,-8.98,-7.16,5
55.65,20.31,0.0,0.767,0.018,0.065,-8.57,-7.24,5
55.70,20.59,0.0,0.715,0.01,0.038,-8.57,-7.24,5
55.75,20.29,0.0,0.819,0.006,0.049,-8.17,-7.23,5
55.80,20.32,0.0,0.788,0.021,0.039,-8.17,-7.23,5
55.85,20.04,0.0,0.799,0.017,0.033,-8.41,-7.3,5
55.90,20.25,0.0,0.771,0.009,0.029,-8.41,-7.3,5
55.95,20.15,0.0,0.79,0.0,0.048,-8.27,-7.43,5
56.00,20.32,0.0,0.771,0.0,0.043,-8.27,-7.43,5
56.05,20.26,0.0,0.774,0.0,0.045,-8.35,-7.66,5
56.10,20.4,0.0,0.758,0.0,0.046,-8.35,-7.66,5
56.15,20.41,0.0,0.803,0.0,0.056,-9.35,-7.76,5
56.20,20.43,0.0,0.809,0.0,0.057,-9.35,-7.76,5
56.25,20.47,0.0,0.72,0.0,0.047,-9.26,-7.83,5
56.30,20.56,0.0,0.758,0.0,0.062,-9.26,-7.83,5
56.35,20.4,0.219,0.734,0.0,0.066,-9.35,-7.83,5
56.40,20.68,0.607,0.846,0.0,0.068,-9.35,-7.83,5
56.45,20.42,0.701,0.845,0.0,0.057,-6.78,-7.55,5
56.50,20.62,0.771,0.816,0.0,0.078,-6.78,-7.55,5
56.55,20.66,0.799,0.751,0.0,0.081,-6.15,-7.45,5
56.60,20.09,0.808,0.8,0.0,0.103,-6.15,-7.45,5
56.65,20.04,0.809,0.798,0.0,0.117,-5.54,-7.57,5
56.70,20.08,0.824,0.792,0.0,0.114,-5.54,-7.57,5
56.75,20.02,0.816,0.774,0.0,0.118,-5.09,-7.54,5
56.80,20.02,0.822,0.799,0.0,0.108,-5.09,-7.54,5
56.85,20.38,0.813,0.791,0.0,0.112,-5.95,-7.41,5
56.90,20.17,0.813,0.713,0.0,0.098,-5.95,-7.41,5
56.95,20.36,0.82,0.719,0.0,0.11,-5.88,-7.29,5
57.00,20.18,0.817,0.784,0.0,0.113,-5.88,-7.29,5
57.05,20.06,0.752,0.854,0.003,0.1,-5.4,-7.21,5
57.10,20.08,0.751,0.885,0.001,0.092,-5.4,-7.21,5
57.15,20.18,0.797,0.864,0.001,0.108,-4.76,-7.04,5
57.20,20.24,0.813,0.755,0.001,0.108,-4.76,-7.04,5
57.25,20.39,0.817,0.785,0.005,0.107,-4.8,-7.06,5
57.30,20.6,0.821,0.745,0.004,0.105,-4.8,-7.06,5
57.35,20.52,0.829,0.805,0.007,0.106,-4.79,-7.07,5
57.40,20.3,0.826,0.753,0.0,0.107,-4.79,-7.07,5
57.45,20.4,0.837,0.825,0.019,0.113,-4.96,-6.99,5
57.50,20.21,0.829,0.829,0.004,0.115,-4.96,-6.99,5
57.55,20.45,0.833,0.768,0.0,0.11,-5.65,-6.94,5
57.60,20.33,0.831,0.763,0.0,0.117,-5.65,-6.94,5
57.65,20.47,0.814,0.821,0.0,0.111,-5.48,-6.77,5
57.70,20.29,0.745,0.878,0.0,0.098,-5.48,-6.77,5
57.75,20.47,0.755,0.89,0.0,0.098,-4.68,-6.45,5
57.80,20.21,0.788,0.865,0.0,0.138,-4.68,-6.45,5
57.85,20.17,0.806,0.808,0.0,0.124,-4.7,-6.3,5
57.90,20.22,0.8,0.852,0.0,0.122,-4.7,-6.3,5
57.95,20.25,0.819,0.832,0.0,0.112,-4.37,-6.33,5
58.00,20.16,0.819,0.852,0.0,0.125,-4.37,-6.33,5
58.05,20.27,0.821,0.808,0.0,0.119,-4.36,-6.26,5
58.10,20.18,0.822,0.837,0.0,0.125,-4.36,-6.26,5
58.15,19.98,0.815,0.834,0.0,0.123,-4.76,-6.11,5
58.20,19.84,0.823,0.807,0.0,0.134,-4.76,-6.11,5
58.25,20.13,0.823,0.772,0.003,0.122,-4.74,-5.95,5
58.30,19.83,0.818,0.838,0.006,0.118,-4.74,-5.95,5
58.35,20.47,0.698,0.889,0.0,0.094,-4.76,-5.86,5
58.40,20.14,0.44,0.852,0.0,0.069,-4.76,-5.86,5
58.45,20.59,0.247,0.681,0.0,0.041,-5.62,-5.91,5
58.50,20.45,0.08,0.728,0.0,0.11,-5.62,-5.91,5
58.55,20.46,0.044,0.761,0.0,0.105,-7.11,-5.95,5
58.60,20.4,0.066,0.664,0.0,0.089,-7.11,-5.95,5
58.65,20.41,0.084,0.783,0.0,0.152,-8.73,-5.96,5
58.70,20.3,0.383,0.814,0.0,0.185,-8.73,-5.96,5
58.75,20.18,0.669,0.865,0.0,0.182,-9.1,-5.93,5
58.80,20.12,0.728,0.846,0.0,0.17,-9.1,-5.93,5
58.85,20.25,0.759,0.804,0.0,0.161,-7.02,-5.79,5
58.90,19.89,0.803,0.705,0.037,0.313,-7.02,-5.79,5
58.95,20.37,0.81,0.673,0.064,0.406,-6.05,-5.73,5
59.00,19.9,0.821,0.65,0.06,0.402,-6.05,-5.73,5
59.05,20.09,0.813,0.564,0.073,0.383,-5.47,-5.66,5
59.10,19.65,0.824,0.544,0.068,0.371,-5.47,-5.66,5
59.15,20.12,0.81,0.844,0.069,0.364,-5.19,-5.52,5
59.20,19.74,0.793,0.847,0.07,0.342,-5.19,-5.52,5
59.25,19.99,0.81,0.7,0.067,0.353,-5.82,-5.48,5
59.30,19.56,0.829,0.597,0.075,0.347,-5.82,-5.48,5
59.35,20.04,0.823,0.649,0.074,0.335,-5.83,-5.42,5
59.40,19.66,0.834,0.691,0.07,0.32,-5.83,-5.42,5
59.45,19.96,0.825,0.582,0.063,0.296,-5.84,-5.55,5
59.50,19.66,0.835,0.535,0.061,0.29,-5.84,-5.55,5
59.55,19.96,0.818,0.471,0.046,0.273,-6.48,-5.56,5
59.60,19.58,0.821,0.681,0.044,0.28,-6.48,-5.56,5
59.65,19.88,0.825,0.677,0.036,0.289,-6.24,-5.57,5
59.70,19.73,0.827,0.587,0.038,0.274,-6.24,-5.57,5
59.75,19.91,0.827,0.531,0.045,0.283,-6.3,-5.58,5
59.80,19.77,0.812,0.812,0.025,0.263,-6.3,-5.58,5
59.85,19.79,0.775,0.83,0.02,0.229,-5.78,-5.53,5
59.90,19.53,0.806,0.775,0.015,0.234,-5.78,-5.53,5
59.95,19.78,0.826,0.714,0.032,0.216,-5.38,-5.5,5
60.00,19.67,0.828,0.71,0.073,0.311,-5.38,-5.5,5
60.05,19.79,0.833,0.711,0.088,0.337,-5.33,-5.56,5
60.10,19.78,0.825,0.668,0.077,0.336,-5.33,-5.56,5
60.15,20.09,0.835,0.627,0.069,0.318,-5.35,-5.67,5
60.20,19.77,0.81,0.732,0.068,0.296,-5.35,-5.67,5
60.25,20.18,0.812,0.823,0.064,0.279,-5.51,-5.64,5
60.30,19.86,0.82,0.698,0.041,0.262,-5.51,-5.64,5
60.35,20.26,0.826,0.566,0.04,0.256,-5.87,-5.65,5
60.40,19.85,0.833,0.463,0.025,0.249,-5.87,-5.65,5
60.45,20.18,0.837,0.829,0.026,0.24,-5.62,-5.65,5
60.50,19.82,0.813,0.872,0.017,0.205,-5.62,-5.65,5
60.55,20.08,0.812,0.816,0.006,0.161,-4.96,-5.57,5
60.60,19.76,0.824,0.719,0.024,0.195,-4.96,-5.57,5
60.65,20.09,0.831,0.687,0.044,0.306,-5.23,-5.6,5
60.70,19.77,0.827,0.679,0.047,0.327,-5.23,-5.6,5
60.75,20.12,0.831,0.55,0.046,0.328,-5.32,-5.75,5
60.80,19.8,0.826,0.515,0.044,0.321,-5.32,-5.75,5
60.85,20.3,0.811,0.717,0.035,0.309,-5.23,-5.74,5
60.90,19.88,0.797,0.799,0.029,0.285,-5.23,-5.74,5
60.95,20.33,0.813,0.703,0.02,0.265,-6.11,-5.83,5
61.00,19.91,0.823,0.559,0.033,0.249,-6.11,-5.83,5
61.05,20.33,0.826,0.452,0.027,0.239,-6.21,-5.88,5
61.10,20.04,0.832,0.679,0.038,0.235,-6.21,-5.88,5
61.15,20.34,0.827,0.643,0.025,0.222,-6.23,-5.96,5
61.20,19.99,0.828,0.546,0.031,0.227,-6.23,-5.96,5
61.25,20.36,0.813,0.493,0.026,0.21,-6.93,-6.04,5
61.30,20.13,0.804,0.786,0.042,0.217,-6.93,-6.04,5
61.35,20.52,0.633,0.802,0.029,0.191,-7.16,-6.15,5
61.40,19.65,0.115,0.609,0.015,0.113,-7.16,-6.15,5
61.45,20.38,0.013,0.567,0.006,0.144,-8.48,-6.19,5
61.50,19.99,0.017,0.773,0.014,0.228,-8.48,-6.19,5
61.55,20.65,0.018,0.792,0.012,0.221,-9.34,-6.15,5
61.60,20.37,0.02,0.648,0.02,0.229,-9.34,-6.15,5
61.65,21.0,0.031,0.729,0.006,0.227,-10.31,-6.14,5
61.70,20.48,0.06,0.639,0.005,0.209,-10.31,-6.14,5
61.75,21.52,0.245,0.884,0.024,0.213,-9.04,-6.15,5
61.80,20.88,0.353,0.909,0.022,0.187,-9.04,-6.15,5
61.85,21.15,0.371,0.853,0.009,0.181,-7.09,-6.19,5
61.90,20.9,0.393,0.8,0.0,0.18,-7.09,-6.19,5
61.95,21.23,0.395,0.787,0.0,0.169,-6.69,-6.23,5
62.00,20.81,0.38,0.78,0.0,0.161,-6.69,-6.23,5
62.05,21.2,0.373,0.731,0.003,0.139,-6.78,-6.31,5
62.10,20.85,0.377,0.705,0.008,0.17,-6.78,-6.31,5
62.15,21.16,0.346,0.79,0.022,0.177,-7.61,-6.47,5
62.20,20.65,0.291,0.83,0.028,0.203,-7.61,-6.47,5
62.25,21.04,0.213,0.816,0.029,0.222,-8.19,-6.47,5
62.30,20.56,0.139,0.796,0.02,0.227,-8.19,-6.47,5
62.35,21.05,0.057,0.734,0.028,0.217,-8.72,-6.55,5
62.40,20.38,0.019,0.777,0.023,0.223,-8.72,-6.55,5
62.45,20.98,0.009,0.72,0.031,0.241,-8.63,-6.63,5
62.50,20.45,0.005,0.791,0.022,0.234,-8.63,-6.63,5
62.55,21.03,0.0,0.756,0.024,0.245,-8.92,-6.73,5
62.60,20.48,0.0,0.808,0.035,0.237,-8.92,-6.73,5
62.65,20.85,0.0,0.794,0.034,0.25,-8.8,-6.75,5
62.70,20.45,0.0,0.775,0.025,0.248,-8.8,-6.75,5
62.75,20.88,0.0,0.771,0.021,0.275,-8.89,-6.83,5
62.80,20.35,0.0,0.777,0.016,0.26,-8.89,-6.83,5
62.85,20.81,0.003,0.802,0.013,0.27,-8.63,-6.98,5
62.90,20.46,0.0,0.758,0.01,0.246,-8.63,-6.98,5
62.95,20.84,0.0,0.778,0.002,0.286,-8.44,-7.14,5
63.00,20.53,0.0,0.745,0.007,0.259,-8.44,-7.14,5
63.05,20.8,0.0,0.791,0.002,0.286,-9.1,-7.24,5
63.10,20.58,0.0,0.72,0.003,0.259,-9.1,-7.24,5
63.15,20.79,0.0,0.773,0.005,0.271,-9.0,-7.32,5
63.20,20.54,0.038,0.742,0.0,0.244,-9.0,-7.32,5
63.25,20.86,0.592,0.841,0.0,0.245,-7.97,-7.35,5
63.30,20.44,0.692,0.856,0.0,0.23,-7.97,-7.35,5
63.35,20.84,0.757,0.817,0.0,0.217,-6.25,-7.21,5
63.40,20.45,0.785,0.758,0.004,0.208,-6.25,-7.21,5
63.45,20.72,0.807,0.794,0.004,0.23,-5.69,-7.25,5
63.50,20.54,0.808,0.8,0.017,0.244,-5.69,-7.25,5
63.55,20.55,0.82,0.775,0.029,0.238,-5.15,-7.37,5
63.60,20.49,0.811,0.768,0.036,0.252,-5.15,-7.37,5
63.65,20.7,0.822,0.775,0.044,0.237,-5.22,-7.35,5
63.70,20.54,0.815,0.777,0.039,0.245,-5.22,-7.35,5
63.75,20.74,0.812,0.696,0.038,0.228,-5.9,-7.32,5
63.80,20.45,0.822,0.73,0.044,0.236,-5.9,-7.32,5
63.85,20.55,0.812,0.754,0.042,0.23,-5.93,-7.39,5
63.90,20.54,0.791,0.819,0.056,0.227,-5.93,-7.39,5
63.95,20.65,0.794,0.855,0.055,0.223,-4.83,-7.11,5
64.00,20.41,0.823,0.851,0.057,0.233,-4.83,-7.11,5
64.05,20.6,0.823,0.757,0.059,0.238,-4.83,-7.11,5
64.10,20.51,0.826,0.797,0.064,0.236,-4.92,-7.1,5
64.15,20.68,0.822,0.761,0.064,0.239,-4.91,-7.07,5
64.20,20.5,0.83,0.786,0.073,0.225,-4.91,-7.07,5
64.25,20.64,0.828,0.762,0.071,0.236,-4.96,-7.03,5
64.30,20.62,0.831,0.823,0.081,0.226,-4.96,-7.03,5
64.35,20.68,0.826,0.83,0.069,0.231,-5.76,-6.9,5
64.40,20.58,0.823,0.75,0.075,0.226,-5.76,-6.9,5
64.45,20.61,0.823,0.768,0.067,0.224,-5.62,-6.72,5
64.50,20.46,0.81,0.785,0.068,0.21,-5.62,-6.72,5
64.55,20.51,0.787,0.855,0.07,0.207,-5.11,-6.54,5
64.60,20.55,0.788,0.859,0.112,0.196,-5.11,-6.54,5
64.65,20.45,0.804,0.833,0.158,0.267,-4.6,-6.35,5
64.70,20.36,0.802,0.79,0.211,0.282,-4.6,-6.35,5
64.75,20.44,0.8,0.847,0.25,0.329,-4.49,-6.29,5
64.80,20.39,0.798,0.815,0.279,0.343,-4.49,-6.29,5
64.85,20.38,0.804,0.824,0.281,0.343,-4.17,-6.24,5
64.90,20.17,0.807,0.782,0.314,0.333,-4.17,-6.24,5
64.95,20.3,0.815,0.808,0.357,0.324,-4.25,-6.13,5
65.00,19.89,0.803,0.808,0.38,0.313,-4.25,-6.13,5
65.05,20.28,0.818,0.78,0.388,0.309,-4.41,-5.98,5
65.10,19.94,0.801,0.761,0.406,0.315,-4.41,-5.98,5
65.15,20.31,0.804,0.838,0.424,0.34,-4.55,-5.87,5
65.20,20.28,0.708,0.873,0.46,0.359,-4.55,-5.87,5
65.25,20.33,0.599,0.845,0.523,0.361,-4.82,-5.83,5
65.30,20.27,0.549,0.759,0.568,0.377,-4.82,-5.83,5
65.35,20.21,0.517,0.633,0.576,0.381,-5.72,-5.83,5
65.40,20.18,0.507,0.532,0.603,0.42,-5.72,-5.83,5
65.45,20.33,0.476,0.441,0.605,0.447,-6.78,-5.82,5
65.50,20.32,0.43,0.399,0.599,0.449,-6.78,-5.82,5
65.55,20.38,0.456,0.441,0.609,0.425,-8.27,-5.82,5
65.60,20.21,0.728,0.824,0.57,0.426,-8.27,-5.82,5
65.65,20.38,0.79,0.861,0.544,0.406,-7.0,-5.68,5
65.70,20.16,0.81,0.795,0.487,0.406,-7.0,-5.68,5
65.75,20.4,0.825,0.695,0.491,0.409,-6.36,-5.61,5
65.80,20.08,0.822,0.671,0.535,0.439,-6.36,-5.61,5
65.85,20.2,0.829,0.66,0.592,0.508,-5.6,-5.53,5
65.90,20.01,0.816,0.529,0.589,0.505,-5.6,-5.53,5
65.95,20.19,0.819,0.456,0.587,0.5,-4.95,-5.45,5
66.00,20.07,0.808,0.803,0.561,0.497,-4.95,-5.45,5
66.05,20.22,0.786,0.824,0.508,0.481,-5.43,-5.34,5
66.10,20.14,0.801,0.705,0.479,0.48,-5.43,-5.34,5
66.15,20.17,0.817,0.564,0.455,0.485,-5.55,-5.3,5
66.20,19.91,0.814,0.521,0.433,0.471,-5.55,-5.3,5
66.25,19.87,0.819,0.685,0.416,0.452,-5.68,-5.3,5
66.30,19.76,0.814,0.632,0.402,0.436,-5.68,-5.3,5
66.35,19.8,0.822,0.524,0.382,0.437,-5.82,-5.4,5
66.40,19.66,0.826,0.427,0.402,0.446,-5.82,-5.4,5
66.45,19.81,0.819,0.661,0.443,0.547,-6.21,-5.4,5
66.50,19.67,0.819,0.679,0.445,0.592,-6.21,-5.4,5
66.55,19.77,0.815,0.52,0.431,0.566,-6.01,-5.4,5
66.60,19.81,0.817,0.451,0.41,0.567,-6.01,-5.4,5
66.65,19.87,0.81,0.804,0.416,0.548,-5.71,-5.37,5
66.70,19.88,0.795,0.859,0.446,0.557,-5.71,-5.37,5
66.75,19.85,0.8,0.83,0.457,0.552,-5.16,-5.3,5
66.80,19.88,0.81,0.77,0.444,0.561,-5.16,-5.3,5
66.85,19.71,0.816,0.66,0.462,0.559,-5.22,-5.31,5
66.90,19.96,0.811,0.647,0.473,0.566,-5.22,-5.31,5
66.95,20.07,0.805,0.568,0.469,0.558,-5.3,-5.47,5
67.00,20.11,0.811,0.497,0.476,0.545,-5.3,-5.47,5
67.05,20.19,0.8,0.434,0.474,0.543,-5.69,-5.47,5
67.10,20.15,0.808,0.69,0.471,0.563,-5.69,-5.47,5
67.15,20.27,0.806,0.63,0.461,0.581,-6.37,-5.49,5
67.20,20.09,0.813,0.476,0.458,0.577,-6.37,-5.49,5
67.25,20.22,0.805,0.444,0.446,0.57,-6.55,-5.51,5
67.30,20.15,0.809,0.811,0.419,0.549,-6.55,-5.51,5
67.35,20.45,0.782,0.849,0.392,0.53,-5.62,-5.46,5
67.40,20.13,0.796,0.859,0.363,0.498,-5.62,-5.46,5
67.45,20.13,0.805,0.815,0.351,0.467,-5.16,-5.41,5
67.50,20.12,0.815,0.71,0.421,0.552,-5.16,-5.41,5
67.55,20.24,0.825,0.617,0.471,0.619,-4.98,-5.47,5
67.60,20.17,0.831,0.518,0.488,0.619,-4.98,-5.47,5
67.65,20.31,0.831,0.474,0.5,0.613,-4.8,-5.54,5
67.70,20.33,0.814,0.599,0.492,0.593,-4.8,-5.54,5
67.75,20.39,0.82,0.797,0.471,0.561,-5.11,-5.55,5
67.80,20.18,0.811,0.754,0.439,0.587,-5.11,-5.55,5
67.85,20.01,0.826,0.561,0.439,0.598,-5.46,-5.61,5
67.90,19.98,0.823,0.473,0.387,0.591,-5.46,-5.61,5
67.95,20.15,0.828,0.634,0.369,0.56,-5.63,-5.68,5
68.00,19.96,0.825,0.622,0.35,0.565,-5.63,-5.68,5
68.05,20.1,0.82,0.497,0.357,0.578,-5.62,-5.73,5
68.10,19.87,0.814,0.453,0.321,0.559,-5.62,-5.73,5
68.15,20.27,0.798,0.56,0.381,0.536,-6.31,-5.8,5
68.20,19.75,0.706,0.589,0.54,0.529,-6.31,-5.8,5
68.25,19.98,0.365,0.641,0.557,0.541,-6.75,-5.87,5
68.30,19.23,0.225,0.534,0.553,0.529,-6.75,-5.87,5
68.35,19.43,0.185,0.601,0.541,0.508,-7.29,-5.86,5
68.40,18.54,0.178,0.563,0.518,0.485,-7.29,-5.86,5
68.45,19.68,0.164,0.558,0.475,0.47,-8.59,-5.89,5
68.50,19.42,0.119,0.56,0.463,0.471,-8.59,-5.89,5
68.55,19.47,0.156,0.59,0.476,0.481,-9.58,-5.89,5
68.60,19.88,0.462,0.829,0.443,0.456,-9.58,-5.89,5
68.65,20.18,0.579,0.825,0.412,0.418,-7.38,-5.91,5
68.70,20.59,0.676,0.793,0.394,0.394,-7.38,-5.91,5
68.75,20.65,0.688,0.732,0.379,0.367,-6.54,-5.88,5
68.80,20.8,0.715,0.728,0.35,0.359,-6.54,-5.88,5
68.85,21.17,0.676,0.703,0.344,0.33,-5.86,-5.92,5
68.90,20.72,0.717,0.673,0.326,0.334,-5.86,-5.92,5
68.95,21.03,0.684,0.649,0.316,0.336,-5.64,-6.0,5
69.00,20.7,0.655,0.705,0.296,0.334,-5.64,-6.0,5
69.05,20.66,0.58,0.852,0.289,0.307,-6.09,-6.0,5
69.10,20.46,0.677,0.847,0.26,0.286,-6.09,-6.0,5
69.15,20.51,0.694,0.797,0.234,0.274,-6.09,-5.96,5
69.20,20.45,0.698,0.731,0.213,0.26,-6.09,-5.96,5
69.25,20.42,0.709,0.709,0.199,0.248,-6.5,-6.03,5
69.30,20.25,0.706,0.66,0.178,0.224,-6.5,-6.03,5
69.35,20.6,0.713,0.625,0.155,0.195,-6.71,-6.11,5
69.40,20.47,0.667,0.597,0.119,0.155,-6.71,-6.11,5
69.45,20.66,0.555,0.834,0.126,0.177,-7.31,-6.12,5
69.50,20.59,0.141,0.834,0.124,0.166,-7.31,-6.12,5
69.55,20.37,0.0,0.789,0.111,0.163,-8.51,-6.22,5
69.60,20.37,0.0,0.792,0.102,0.147,-8.51,-6.22,5
69.65,20.51,0.0,0.761,0.085,0.133,-8.56,-6.34,5
69.70,20.38,0.0,0.787,0.086,0.136,-8.56,-6.34,5
69.75,20.5,0.0,0.713,0.08,0.125,-8.45,-6.51,5
69.80,20.35,0.0,0.778,0.072,0.132,-8.45,-6.51,5
69.85,20.32,0.0,0.737,0.067,0.141,-9.57,-6.6,5
69.90,20.19,0.0,0.813,0.069,0.145,-9.57,-6.6,5
69.95,20.49,0.0,0.763,0.06,0.142,-9.47,-6.68,5
70.00,20.29,0.0,0.802,0.066,0.139,-9.47,-6.68,5
70.05,20.3,0.0,0.752,0.034,0.133,-9.92,-6.78,5
70.10,20.41,0.517,0.829,0.035,0.137,-9.92,-6.78,5
70.15,20.44,0.669,0.863,0.01,0.134,-7.1,-6.6,5
70.20,20.33,0.761,0.828,0.011,0.122,-7.1,-6.6,5
70.25,20.3,0.8,0.789,0.001,0.143,-6.22,-6.55,5
70.30,20.27,0.807,0.787,0.001,0.143,-6.22,-6.55,5
70.35,20.41,0.815,0.805,0.0,0.164,-5.57,-6.67,5
70.40,20.4,0.82,0.761,0.01,0.152,-5.57,-6.67,5
70.45,20.43,0.815,0.775,0.008,0.168,-4.91,-6.73,5
70.50,20.32,0.818,0.765,0.009,0.148,-4.91,-6.73,5
70.55,20.46,0.819,0.778,0.008,0.16,-5.75,-6.74,5
70.60,20.3,0.811,0.704,0.005,0.145,-5.75,-6.74,5
70.65,20.42,0.816,0.756,0.013,0.156,-5.87,-6.75,5
70.70,20.39,0.81,0.746,0.006,0.148,-5.87,-6.75,5
70.75,20.5,0.81,0.81,0.007,0.149,-5.52,-6.75,5
70.80,20.18,0.801,0.845,0.007,0.141,-5.52,-6.75,5
70.85,20.36,0.82,0.857,0.003,0.148,-4.76,-6.6,5
70.90,20.14,0.813,0.779,0.005,0.143,-4.76,-6.6,5
70.95,20.24,0.816,0.799,0.008,0.142,-4.79,-6.58,5
71.00,20.14,0.813,0.782,0.005,0.142,-4.79,-6.58,5
71.05,20.3,0.823,0.771,0.004,0.137,-4.77,-6.59,5
71.10,20.17,0.817,0.737,0.01,0.145,-4.77,-6.59,5
71.15,20.32,0.814,0.821,0.012,0.144,-4.82,-6.49,5
71.20,20.12,0.804,0.83,0.009,0.15,-4.82,-6.49,5
71.25,20.32,0.808,0.727,0.0,0.14,-5.7,-6.45,5
71.30,20.27,0.81,0.753,0.003,0.142,-5.7,-6.45,5
71.35,20.35,0.798,0.75,0.0,0.136,-5.6,-6.36,5
71.40,20.13,0.778,0.839,0.003,0.137,-5.6,-6.36,5
71.45,20.17,0.796,0.84,0.009,0.134,-4.78,-6.1,5
71.50,20.18,0.812,0.817,0.016,0.156,-4.78,-6.1,5
71.55,20.21,0.815,0.76,0.014,0.158,-4.98,-5.99,5
71.60,20.01,0.808,0.863,0.018,0.148,-4.98,-5.99,5
71.65,20.05,0.806,0.849,0.006,0.146,-4.64,-6.05,5
71.70,20.0,0.81,0.826,0.007,0.148,-4.64,-6.05,5
71.75,19.94,0.818,0.8,0.015,0.15,-4.41,-6.02,5
71.80,19.9,0.829,0.811,0.008,0.15,-4.41,-6.02,5
71.85,19.91,0.81,0.833,0.005,0.16,-4.74,-5.93,5
71.90,19.98,0.813,0.781,0.01,0.153,-4.74,-5.93,5
71.95,20.0,0.805,0.764,0.023,0.153,-4.57,-5.82,5
72.00,19.86,0.793,0.827,0.026,0.141,-4.57,-5.82,5
72.05,19.98,0.709,0.881,0.014,0.13,-4.63,-5.83,5
72.10,19.85,0.451,0.868,0.006,0.105,-4.63,-5.83,5
72.15,19.63,0.267,0.756,0.0,0.071,-5.45,-5.93,5
72.20,19.9,0.097,0.71,0.0,0.115,-5.45,-5.93,5
72.25,19.85,0.06,0.768,0.0,0.126,-6.97,-5.98,5
72.30,19.93,0.058,0.676,0.0,0.135,-6.97,-5.98,5
72.35,19.95,0.061,0.786,0.0,0.145,-8.64,-5.99,5
72.40,19.75,0.277,0.827,0.0,0.169,-8.64,-5.99,5
72.45,19.95,0.693,0.816,0.004,0.199,-9.33,-5.98,5
72.50,19.78,0.744,0.824,0.0,0.199,-9.33,-5.98,5
72.55,19.98,0.776,0.793,0.0,0.188,-7.18,-5.82,5
72.60,19.68,0.817,0.731,0.03,0.286,-7.18,-5.82,5
72.65,20.03,0.816,0.696,0.053,0.407,-6.19,-5.75,5
72.70,19.59,0.818,0.682,0.065,0.452,-6.19,-5.75,5
72.75,20.02,0.813,0.595,0.06,0.427,-5.51,-5.68,5
72.80,19.66,0.824,0.568,0.065,0.401,-5.51,-5.68,5
72.85,20.09,0.8,0.776,0.066,0.397,-5.04,-5.54,5
72.90,19.79,0.788,0.838,0.068,0.385,-5.04,-5.54,5
72.95,20.04,0.794,0.733,0.071,0.382,-5.82,-5.5,5
73.00,19.83,0.82,0.612,0.082,0.369,-5.82,-5.5,5
73.05,19.85,0.83,0.531,0.079,0.365,-5.86,-5.42,5
73.10,19.84,0.833,0.695,0.077,0.354,-5.86,-5.42,5
73.15,19.82,0.822,0.679,0.077,0.355,-5.84,-5.54,5
73.20,19.75,0.835,0.558,0.078,0.357,-5.84,-5.54,5
73.25,19.87,0.825,0.496,0.075,0.357,-6.47,-5.57,5
73.30,19.7,0.822,0.695,0.073,0.36,-6.47,-5.57,5
73.35,19.63,0.832,0.716,0.07,0.362,-6.22,-5.58,5
73.40,19.8,0.835,0.638,0.065,0.355,-6.22,-5.58,5
73.45,19.87,0.831,0.606,0.069,0.35,-6.3,-5.6,5
73.50,19.93,0.825,0.792,0.047,0.339,-6.3,-5.6,5
73.55,19.83,0.793,0.829,0.045,0.316,-5.83,-5.55,5
73.60,19.6,0.808,0.784,0.032,0.302,-5.83,-5.55,5
73.65,19.95,0.832,0.709,0.021,0.27,-5.38,-5.51,5
73.70,19.78,0.831,0.64,0.056,0.326,-5.38,-5.51,5
73.75,19.85,0.838,0.673,0.073,0.351,-5.32,-5.55,5
73.80,19.92,0.827,0.657,0.059,0.334,-5.32,-5.55,5
73.85,20.06,0.84,0.615,0.054,0.318,-5.29,-5.69,5
73.90,19.93,0.819,0.559,0.055,0.312,-5.29,-5.69,5
73.95,19.91,0.828,0.821,0.047,0.308,-5.44,-5.65,5
74.00,19.75,0.828,0.777,0.042,0.292,-5.44,-5.65,5
74.05,19.96,0.835,0.554,0.04,0.285,-5.89,-5.67,5
74.10,19.8,0.834,0.48,0.037,0.284,-5.89,-5.67,5
74.15,19.96,0.837,0.787,0.035,0.276,-5.71,-5.68,5
74.20,19.55,0.802,0.861,0.031,0.258,-5.71,-5.68,5
74.25,19.9,0.798,0.832,0.022,0.232,-4.94,-5.58,5
74.30,19.58,0.822,0.755,0.012,0.234,-4.94,-5.58,5
74.35,19.72,0.834,0.643,0.028,0.305,-5.27,-5.61,5
74.40,19.67,0.829,0.662,0.035,0.345,-5.27,-5.61,5
74.45,19.9,0.821,0.582,0.026,0.333,-5.33,-5.75,5
74.50,19.62,0.821,0.576,0.026,0.323,-5.33,-5.75,5
74.55,19.85,0.82,0.466,0.025,0.316,-5.58,-5.77,5
74.60,19.74,0.821,0.808,0.022,0.319,-5.58,-5.77,5
74.65,19.89,0.819,0.777,0.013,0.303,-6.11,-5.79,5
74.70,19.77,0.817,0.573,0.02,0.304,-6.11,-5.79,5
74.75,19.97,0.822,0.508,0.018,0.307,-6.17,-5.87,5
74.80,19.78,0.823,0.692,0.017,0.303,-6.17,-5.87,5
74.85,20.06,0.821,0.71,0.006,0.294,-6.15,-5.96,5
74.90,19.87,0.815,0.602,0.015,0.299,-6.15,-5.96,5
74.95,20.09,0.819,0.553,0.005,0.298,-6.39,-6.04,5
75.00,19.67,0.807,0.768,0.015,0.282,-6.39,-6.04,5
75.05,20.23,0.744,0.798,0.02,0.261,-7.02,-6.12,5
75.10,19.45,0.252,0.684,0.009,0.192,-7.02,-6.12,5
75.15,20.03,0.012,0.603,0.0,0.171,-8.23,-6.18,5
75.20,19.77,0.0,0.661,0.0,0.291,-8.23,-6.18,5
75.25,20.27,0.028,0.803,0.0,0.282,-9.15,-6.14,5
75.30,19.38,0.038,0.708,0.008,0.298,-9.15,-6.14,5
75.35,20.45,0.028,0.76,0.0,0.262,-9.95,-6.12,5
75.40,19.57,0.06,0.699,0.0,0.251,-9.95,-6.12,5
75.45,20.49,0.262,0.836,0.003,0.231,-9.79,-6.15,5
75.50,20.16,0.407,0.906,0.0,0.197,-9.79,-6.15,5
75.55,20.33,0.476,0.869,0.0,0.177,-7.25,-6.19,5
75.60,20.09,0.516,0.828,0.0,0.169,-7.25,-6.19,5
75.65,20.3,0.532,0.78,0.0,0.169,-6.76,-6.21,5
75.70,20.01,0.514,0.764,0.0,0.162,-6.76,-6.21,5
75.75,20.3,0.527,0.707,0.0,0.158,-6.83,-6.3,5
75.80,19.97,0.532,0.688,0.0,0.157,-6.83,-6.3,5
75.85,20.42,0.544,0.674,0.0,0.125,-7.26,-6.46,5
75.90,19.71,0.479,0.837,0.0,0.172,-7.26,-6.46,5
75.95,20.1,0.358,0.841,0.0,0.177,-8.16,-6.46,5
76.00,19.92,0.262,0.828,0.0,0.158,-8.16,-6.46,5
76.05,20.17,0.082,0.767,0.0,0.161,-9.1,-6.56,5
76.10,19.76,0.014,0.794,0.0,0.153,-9.1,-6.56,5
76.15,20.32,0.008,0.764,0.0,0.174,-8.83,-6.63,5
76.20,19.72,0.001,0.802,0.0,0.159,-8.83,-6.63,5
76.25,20.13,0.014,0.777,0.0,0.166,-8.81,-6.71,5
76.30,19.69,0.012,0.813,0.0,0.167,-8.81,-6.71,5
76.35,20.1,0.013,0.806,0.0,0.172,-8.48,-6.72,5
76.40,19.62,0.0,0.75,0.0,0.176,-8.48,-6.72,5
76.45,20.02,0.0,0.761,0.0,0.189,-8.31,-6.79,5
76.50,19.68,0.006,0.74,0.0,0.165,-8.31,-6.79,5
76.55,20.14,0.0,0.772,0.0,0.183,-8.22,-6.94,5
76.60,19.78,0.0,0.711,0.0,0.183,-8.22,-6.94,5
76.65,20.19,0.0,0.785,0.0,0.214,-8.24,-7.11,5
76.70,19.71,0.0,0.753,0.0,0.206,-8.24,-7.11,5
76.75,20.11,0.0,0.808,0.0,0.221,-9.05,-7.2,5
76.80,19.84,0.0,0.788,0.0,0.21,-9.05,-7.2,5
76.85,20.03,0.0,0.791,0.0,0.215,-8.95,-7.28,5
76.90,19.71,0.0,0.775,0.0,0.213,-8.95,-7.28,5
76.95,19.91,0.529,0.816,0.0,0.218,-8.49,-7.37,5
77.00,19.64,0.649,0.845,0.0,0.208,-8.49,-7.37,5
77.05,19.79,0.734,0.842,0.0,0.206,-6.41,-7.19,5
77.10,19.66,0.781,0.817,0.0,0.228,-6.41,-7.19,5
77.15,19.7,0.803,0.777,0.0,0.223,-5.83,-7.23,5
77.20,19.71,0.804,0.784,0.0,0.25,-5.83,-7.23,5
77.25,19.85,0.81,0.734,0.0,0.251,-5.26,-7.35,5
77.30,19.81,0.803,0.754,0.0,0.271,-5.26,-7.35,5
77.35,19.81,0.813,0.732,0.012,0.259,-5.11,-7.33,5
77.40,19.74,0.811,0.767,0.009,0.266,-5.11,-7.33,5
77.45,19.95,0.81,0.722,0.021,0.262,-5.93,-7.31,5
77.50,19.83,0.81,0.766,0.015,0.259,-5.93,-7.31,5
77.55,19.78,0.805,0.726,0.039,0.244,-6.08,-7.32,5
77.60,19.76,0.79,0.832,0.024,0.248,-6.08,-7.32,5
77.65,19.69,0.769,0.878,0.038,0.236,-5.22,-7.18,5
77.70,19.64,0.79,0.865,0.026,0.261,-5.22,-7.18,5
77.75,19.82,0.811,0.808,0.045,0.272,-4.91,-7.08,5
77.80,19.59,0.814,0.788,0.035,0.285,-4.91,-7.08,5
77.85,19.75,0.823,0.78,0.046,0.29,-4.9,-7.07,5
77.90,19.84,0.816,0.756,0.043,0.268,-4.9,-7.07,5
77.95,19.91,0.811,0.755,0.062,0.279,-4.79,-7.01,5
78.00,19.9,0.805,0.787,0.043,0.253,-4.79,-7.01,5
78.05,19.99,0.799,0.812,0.06,0.264,-5.3,-6.9,5
78.10,19.76,0.785,0.726,0.036,0.247,-5.3,-6.9,5
78.15,19.91,0.804,0.762,0.07,0.258,-5.62,-6.73,5
78.20,19.75,0.795,0.726,0.055,0.241,-5.62,-6.73,5
78.25,19.74,0.79,0.844,0.092,0.255,-5.21,-6.57,5
78.30,19.74,0.761,0.868,0.159,0.234,-5.21,-6.57,5
78.35,19.83,0.783,0.844,0.271,0.274,-4.59,-6.35,5
78.40,19.57,0.798,0.828,0.302,0.301,-4.59,-6.35,5
78.45,19.59,0.807,0.846,0.402,0.446,-4.47,-6.24,5
78.50,19.61,0.794,0.858,0.375,0.497,-4.47,-6.24,5
78.55,19.64,0.803,0.783,0.436,0.47,-4.12,-6.22,5
78.60,19.26,0.792,0.815,0.385,0.486,-4.12,-6.22,5
78.65,19.45,0.792,0.777,0.411,0.442,-4.13,-6.13,5
78.70,19.11,0.8,0.825,0.389,0.466,-4.13,-6.13,5
78.75,19.32,0.795,0.776,0.444,0.44,-4.4,-5.98,5
78.80,19.44,0.804,0.792,0.4,0.453,-4.4,-5.98,5
78.85,19.1,0.793,0.81,0.455,0.435,-4.57,-5.86,5
78.90,19.31,0.745,0.869,0.449,0.465,-4.57,-5.86,5
78.95,19.4,0.633,0.861,0.567,0.467,-4.74,-5.8,5
79.00,19.12,0.59,0.792,0.625,0.46,-4.74,-5.8,5
79.05,19.45,0.542,0.671,0.666,0.453,-5.51,-5.77,5
79.10,19.41,0.513,0.519,0.684,0.445,-5.51,-5.77,5
79.15,19.62,0.476,0.442,0.714,0.439,-6.52,-5.77,5
79.20,19.47,0.459,0.435,0.709,0.424,-6.52,-5.77,5
79.25,19.75,0.433,0.427,0.715,0.392,-7.88,-5.79,5
79.30,19.66,0.619,0.841,0.691,0.401,-7.88,-5.79,5
79.35,19.83,0.692,0.879,0.647,0.388,-7.11,-5.68,5
79.40,19.72,0.75,0.853,0.6,0.384,-7.11,-5.68,5
79.45,19.75,0.796,0.77,0.574,0.414,-6.43,-5.6,5
79.50,19.73,0.818,0.693,0.564,0.448,-6.43,-5.6,5
79.55,19.77,0.814,0.662,0.602,0.542,-5.75,-5.53,5
79.60,19.89,0.811,0.532,0.634,0.569,-5.75,-5.53,5
79.65,19.86,0.816,0.477,0.606,0.564,-5.13,-5.46,5
79.70,19.89,0.814,0.67,0.596,0.546,-5.13,-5.46,5
79.75,20.05,0.811,0.827,0.542,0.533,-5.33,-5.34,5
79.80,19.89,0.813,0.729,0.502,0.526,-5.33,-5.34,5
79.85,19.82,0.814,0.567,0.467,0.546,-5.53,-5.29,5
79.90,19.74,0.82,0.487,0.444,0.535,-5.53,-5.29,5
79.95,19.84,0.822,0.661,0.413,0.56,-5.65,-5.26,5
80.00,19.68,0.822,0.651,0.418,0.56,-5.65,-5.26,5
80.05,19.82,0.825,0.513,0.402,0.588,-5.7,-5.38,5
80.10,19.68,0.823,0.436,0.403,0.57,-5.7,-5.38,5
80.15,19.92,0.811,0.688,0.419,0.673,-6.21,-5.38,5
80.20,19.7,0.805,0.696,0.453,0.748,-6.21,-5.38,5
80.25,19.76,0.818,0.586,0.448,0.738,-6.07,-5.39,5
80.30,19.64,0.813,0.537,0.498,0.74,-6.07,-5.39,5
80.35,19.59,0.827,0.755,0.538,0.72,-5.72,-5.34,5
80.40,19.71,0.773,0.759,0.597,0.727,-5.72,-5.34,5
80.45,19.63,0.403,0.712,0.7,0.711,-5.77,-5.36,5
80.50,19.67,0.0,0.613,0.714,0.703,-5.77,-5.36,5
80.55,19.83,0.014,0.529,0.707,0.687,-6.5,-5.43,5
80.60,19.58,0.026,0.817,0.684,0.7,-6.5,-5.43,5
80.65,19.84,0.013,0.82,0.731,0.694,-6.6,-5.55,5
80.70,19.85,0.012,0.679,0.755,0.691,-6.6,-5.55,5
80.75,20.04,0.021,0.555,0.772,0.682,-7.62,-5.65,5
80.80,19.96,0.027,0.691,0.756,0.685,-7.62,-5.65,5
80.85,20.26,0.017,0.723,0.774,0.686,-7.53,-5.66,5
80.90,20.12,0.011,0.635,0.747,0.664,-7.53,-5.66,5
80.95,20.31,0.025,0.507,0.762,0.661,-7.25,-5.73,5
81.00,20.26,0.018,0.809,0.726,0.615,-7.25,-5.73,5
81.05,20.31,0.0,0.822,0.691,0.63,-6.98,-5.75,5
81.10,20.28,0.0,0.752,0.654,0.648,-6.98,-5.75,5
81.15,20.35,0.0,0.56,0.666,0.64,-7.48,-5.86,5
81.20,20.53,0.004,0.587,0.675,0.658,-7.48,-5.86,5
81.25,20.62,0.0,0.714,0.701,0.692,-7.58,-5.94,5
81.30,20.62,0.0,0.657,0.705,0.681,-7.58,-5.94,5
81.35,20.79,0.017,0.574,0.706,0.693,-7.5,-6.11,5
81.40,20.68,0.0,0.542,0.696,0.677,-7.5,-6.11,5
81.45,20.81,0.0,0.726,0.666,0.671,-7.99,-6.21,5
81.50,20.88,0.0,0.751,0.648,0.661,-7.99,-6.21,5
81.55,21.02,0.0,0.723,0.632,0.672,-7.18,-6.32,5
81.60,20.88,0.0,0.608,0.61,0.674,-7.18,-6.32,5
81.65,21.21,0.0,0.809,0.601,0.674,-7.1,-6.4,5
81.70,21.13,0.0,0.841,0.583,0.661,-7.1,-6.4,5
81.75,21.21,0.0,0.744,0.577,0.659,-6.98,-6.51,5
81.80,21.08,0.005,0.579,0.558,0.644,-6.98,-6.51,5
81.85,21.29,0.0,0.75,0.547,0.621,-7.26,-6.62,5
81.90,21.34,0.0,0.791,0.534,0.598,-7.26,-6.62,5
81.95,21.49,0.0,0.748,0.523,0.584,-7.57,-6.74,5
82.00,21.5,0.001,0.7,0.496,0.564,-7.57,-6.74,5
82.05,21.27,0.0,0.694,0.489,0.553,-8.95,-6.81,5
82.10,21.06,0.0,0.708,0.591,0.543,-8.95,-6.81,5
82.15,20.37,0.005,0.684,0.635,0.539,-8.87,-6.76,5
82.20,19.54,0.003,0.631,0.636,0.533,-8.87,-6.76,5
82.25,16.52,0.007,0.608,0.642,0.514,-9.67,-6.77,5
82.30,15.58,0.013,0.565,0.632,0.662,-9.67,-6.77,5
82.35,12.6,0.047,0.533,0.607,0.786,-9.55,-6.97,6
82.40,12.08,0.048,0.412,0.604,0.8,-9.55,-6.97,6
82.45,11.67,0.066,0.366,0.625,0.799,-8.53,-7.06,6
82.50,11.83,0.075,0.342,0.621,0.793,-8.53,-7.06,6
82.55,12.45,0.062,0.326,0.613,0.797,-8.66,-7.13,6
82.60,12.3,0.061,0.311,0.588,0.801,-8.66,-7.13,6
82.65,12.82,0.053,0.312,0.587,0.802,-7.94,-7.19,6
82.70,12.75,0.063,0.329,0.588,0.79,-7.94,-7.19,6
82.75,12.91,0.067,0.338,0.604,0.792,-8.02,-7.38,6
82.80,12.68,0.073,0.293,0.621,0.781,-8.02,-7.38,6
82.85,12.52,0.076,0.313,0.592,0.772,-8.45,-7.48,6
82.90,12.27,0.08,0.303,0.563,0.758,-8.45,-7.48,6
82.95,12.69,0.079,0.312,0.564,0.765,-9.09,-7.6,6
83.00,12.47,0.09,0.286,0.599,0.77,-9.09,-7.6,6
83.05,12.67,0.082,0.29,0.588,0.768,-9.61,-7.7,6
83.10,12.73,0.088,0.271,0.577,0.756,-9.61,-7.7,6
83.15,12.61,0.077,0.285,0.564,0.765,-9.89,-7.84,6
83.20,12.73,0.081,0.265,0.55,0.765,-9.89,-7.84,6
83.25,12.73,0.077,0.265,0.515,0.762,-10.06,-7.99,6
83.30,12.54,0.077,0.26,0.48,0.746,-10.06,-7.99,6
83.35,12.81,0.077,0.239,0.448,0.735,-10.32,-8.23,6
83.40,12.63,0.08,0.255,0.428,0.742,-10.32,-8.23,6
83.45,12.8,0.075,0.255,0.433,0.747,-10.61,-8.35,6
83.50,13.04,0.069,0.263,0.451,0.758,-10.61,-8.35,6
83.55,13.4,0.067,0.242,0.502,0.769,-10.61,-8.35,6
83.60,13.12,0.077,0.255,0.583,0.774,-10.61,-8.35,6
83.65,13.22,0.062,0.233,0.609,0.765,-10.06,-8.45,6
83.70,13.55,0.068,0.232,0.576,0.759,-10.06,-8.45,6
83.75,13.36,0.059,0.225,0.542,0.756,-9.71,-8.49,6
83.80,13.58,0.059,0.227,0.59,0.746,-9.71,-8.49,6
83.85,13.46,0.056,0.208,0.662,0.747,-9.38,-8.6,6
83.90,13.59,0.055,0.218,0.65,0.742,-9.38,-8.6,6
83.95,13.62,0.059,0.208,0.655,0.748,-9.46,-8.66,6
84.00,13.63,0.064,0.203,0.653,0.751,-9.46,-8.66,6
84.05,13.6,0.069,0.182,0.67,0.751,-9.64,-8.84,6
84.10,14.13,0.066,0.177,0.663,0.744,-9.64,-8.84,6
84.15,13.81,0.058,0.169,0.678,0.75,-9.69,-8.79,6
84.20,14.08,0.064,0.167,0.67,0.752,-9.69,-8.79,6
84.25,14.39,0.058,0.154,0.663,0.758,-9.96,-8.93,6
84.30,14.04,0.068,0.147,0.644,0.753,-9.96,-8.93,6
84.35,14.22,0.067,0.145,0.648,0.751,-10.03,-9.01,6
84.40,13.98,0.071,0.144,0.646,0.751,-10.03,-9.01,6
84.45,14.05,0.07,0.149,0.652,0.773,-10.05,-9.12,6
84.50,13.79,0.07,0.151,0.652,0.778,-10.05,-9.12,6
84.55,13.91,0.062,0.148,0.644,0.778,-9.94,-9.2,6
84.60,13.87,0.065,0.13,0.635,0.774,-9.94,-9.2,6
84.65,13.94,0.062,0.127,0.626,0.764,-9.8,-9.35,6
84.70,13.94,0.058,0.14,0.647,0.779,-9.8,-9.35,6
84.75,14.24,0.058,0.143,0.642,0.778,-9.51,-9.43,6
84.80,14.27,0.05,0.13,0.643,0.777,-9.51,-9.43,6
84.85,14.31,0.049,0.116,0.622,0.763,-9.66,-9.51,6
84.90,14.09,0.044,0.116,0.63,0.765,-9.66,-9.51,6
84.95,14.26,0.046,0.116,0.611,0.769,-9.84,-9.56,6
85.00,14.15,0.044,0.108,0.609,0.769,-9.84,-9.56,6
85.05,13.99,0.036,0.104,0.574,0.755,-10.27,-9.53,6
85.10,13.84,0.031,0.115,0.574,0.752,-10.27,-9.53,6
85.15,14.31,0.037,0.111,0.56,0.757,-10.76,-9.67,6
85.20,14.11,0.043,0.09,0.562,0.76,-10.76,-9.67,6
85.25,14.06,0.039,0.093,0.553,0.753,-11.05,-9.67,6
85.30,13.84,0.052,0.101,0.548,0.758,-11.05,-9.67,6
85.35,13.83,0.06,0.149,0.532,0.787,-10.52,-9.68,6
85.40,13.81,0.056,0.132,0.53,0.781,-10.52,-9.68,6
85.45,13.87,0.043,0.115,0.5,0.759,-10.2,-9.76,6
85.50,13.72,0.038,0.104,0.49,0.727,-10.2,-9.76,6
85.55,14.18,0.044,0.101,0.476,0.733,-10.25,-9.9,6
85.60,14.35,0.045,0.105,0.485,0.759,-10.25,-9.9,6
85.65,14.25,0.046,0.094,0.472,0.751,-10.09,-10.02,6
85.70,14.21,0.045,0.092,0.477,0.754,-10.09,-10.02,6
85.75,14.14,0.059,0.121,0.466,0.755,-10.55,-10.07,6
85.80,14.07,0.055,0.135,0.465,0.766,-10.55,-10.07,6
85.85,14.09,0.05,0.116,0.44,0.765,-10.62,-10.08,6
85.90,14.14,0.051,0.093,0.442,0.761,-10.62,-10.08,6
85.95,14.03,0.045,0.097,0.415,0.757,-10.36,-10.09,6
86.00,14.05,0.041,0.095,0.417,0.753,-10.36,-10.09,6
86.05,13.79,0.035,0.095,0.395,0.747,-10.48,-10.13,6
86.10,13.55,0.042,0.094,0.388,0.747,-10.48,-10.13,6
86.15,13.38,0.04,0.099,0.372,0.749,-10.66,-10.17,6
86.20,13.31,0.04,0.096,0.365,0.748,-10.66,-10.17,6
86.25,13.59,0.032,0.082,0.348,0.755,-10.72,-10.17,6
86.30,13.44,0.028,0.079,0.343,0.766,-10.72,-10.17,6
86.35,13.67,0.023,0.081,0.325,0.764,-10.73,-10.14,6
86.40,13.39,0.027,0.086,0.326,0.765,-10.73,-10.14,6
86.45,13.6,0.019,0.089,0.315,0.763,-10.51,-10.12,6
86.50,13.36,0.015,0.087,0.306,0.751,-10.51,-10.12,6
86.55,13.66,0.019,0.085,0.293,0.749,-10.56,-10.16,6
86.60,13.24,0.021,0.09,0.29,0.754,-10.56,-10.16,6
86.65,13.29,0.025,0.079,0.278,0.753,-10.7,-10.25,6
86.70,13.32,0.021,0.082,0.269,0.756,-10.7,-10.25,6
86.75,13.59,0.023,0.078,0.258,0.756,-11.1,-10.31,6
86.80,13.19,0.027,0.079,0.259,0.755,-11.1,-10.31,6
86.85,13.39,0.026,0.081,0.257,0.754,-11.44,-10.39,6
86.90,13.21,0.026,0.071,0.255,0.755,-11.44,-10.39,6
86.95,13.19,0.022,0.072,0.244,0.748,-11.64,-10.44,6
87.00,13.04,0.024,0.074,0.241,0.749,-11.64,-10.44,6
87.05,13.14,0.023,0.071,0.239,0.747,-11.77,-10.51,6
87.10,12.88,0.017,0.07,0.232,0.749,-11.77,-10.51,6
87.15,13.04,0.015,0.071,0.217,0.746,-11.78,-10.58,6
87.20,12.9,0.018,0.063,0.21,0.751,-11.78,-10.58,6
87.25,13.21,0.018,0.064,0.203,0.749,-11.94,-10.63,6
87.30,13.36,0.022,0.064,0.199,0.751,-11.94,-10.63,6
87.35,13.13,0.018,0.062,0.183,0.745,-12.16,-10.69,6
87.40,12.91,0.022,0.056,0.178,0.735,-12.16,-10.69,6
87.45,13.54,0.024,0.051,0.171,0.731,-12.62,-10.81,6
87.50,13.29,0.022,0.054,0.17,0.736,-12.62,-10.81,6
87.55,13.28,0.013,0.055,0.166,0.736,-13.07,-10.94,6
87.60,13.07,0.016,0.053,0.166,0.737,-13.07,-10.94,6
87.65,13.16,0.015,0.053,0.158,0.743,-13.41,-11.05,6
87.70,12.62,0.02,0.057,0.153,0.747,-13.41,-11.05,6
87.75,12.66,0.017,0.061,0.144,0.749,-13.39,-11.17,6
87.80,12.56,0.013,0.065,0.141,0.755,-13.39,-11.17,6
87.85,12.98,0.015,0.06,0.134,0.763,-12.81,-11.22,6
87.90,12.85,0.018,0.056,0.127,0.768,-12.81,-11.22,6
87.95,13.35,0.014,0.056,0.124,0.765,-12.42,-11.28,6
88.00,12.84,0.012,0.05,0.12,0.765,-12.42,-11.28,6
88.05,13.31,0.012,0.048,0.118,0.766,-12.05,-11.29,6
88.10,13.0,0.016,0.047,0.112,0.763,-12.05,-11.29,6
88.15,13.24,0.017,0.054,0.107,0.755,-11.93,-11.32,6
88.20,13.05,0.013,0.053,0.103,0.75,-11.93,-11.32,6
88.25,13.11,0.011,0.046,0.103,0.736,-12.41,-11.39,6
88.30,12.75,0.014,0.044,0.098,0.726,-12.41,-11.39,6
88.35,12.96,0.018,0.054,0.102,0.72,-13.03,-11.6,6
88.40,12.34,0.012,0.064,0.094,0.724,-13.03,-11.6,6
88.45,12.38,0.015,0.064,0.089,0.732,-13.67,-11.72,6
88.50,12.47,0.016,0.047,0.093,0.741,-13.67,-11.72,6
88.55,12.45,0.019,0.049,0.104,0.741,-13.72,-11.75,6
88.60,12.32,0.016,0.051,0.097,0.749,-13.72,-11.75,6
88.65,12.89,0.01,0.061,0.123,0.756,-12.57,-11.74,6
88.70,12.8,0.016,0.057,0.482,0.77,-12.57,-11.74,6
88.75,13.03,0.014,0.054,0.617,0.762,-11.47,-11.74,6
88.80,13.18,0.007,0.051,0.644,0.738,-11.47,-11.74,6
88.85,13.26,0.013,0.056,0.587,0.716,-11.33,-11.83,6
88.90,13.38,0.011,0.062,0.577,0.722,-11.33,-11.83,6
88.95,13.22,0.012,0.06,0.647,0.735,-11.06,-11.87,6
89.00,13.79,0.017,0.064,0.691,0.75,-11.06,-11.87,6
89.05,13.74,0.012,0.059,0.665,0.752,-11.0,-11.83,6
89.10,13.56,0.012,0.061,0.65,0.742,-11.0,-11.83,6
89.15,13.8,0.014,0.086,0.658,0.756,-10.81,-11.77,6
89.20,13.8,0.004,0.087,0.672,0.806,-10.81,-11.77,6
89.25,13.39,0.003,0.065,0.646,0.807,-9.63,-11.62,6
89.30,13.41,0.007,0.059,0.662,0.807,-9.63,-11.62,6
89.35,12.79,0.014,0.055,0.652,0.788,-9.22,-11.57,6
89.40,13.14,0.019,0.058,0.654,0.775,-9.22,-11.57,6
89.45,13.15,0.017,0.062,0.631,0.761,-9.1,-11.54,6
89.50,13.4,0.01,0.071,0.627,0.768,-9.1,-11.54,6
89.55,13.51,0.015,0.063,0.608,0.771,-9.15,-11.48,6
89.60,13.58,0.02,0.065,0.658,0.79,-9.15,-11.48,6
89.65,13.42,0.016,0.055,0.653,0.792,-9.23,-11.34,6
89.70,13.24,0.011,0.06,0.652,0.799,-9.23,-11.34,6
89.75,13.31,0.015,0.052,0.576,0.783,-9.26,-11.24,6
89.80,12.51,0.015,0.071,0.632,0.788,-9.26,-11.24,6
89.85,12.59,0.02,0.073,0.661,0.787,-9.17,-11.15,6
89.90,12.5,0.015,0.068,0.692,0.79,-9.17,-11.15,6
89.95,12.62,0.022,0.063,0.645,0.785,-9.07,-11.05,6
90.00,12.58,0.02,0.067,0.652,0.778,-9.07,-11.05,6
90.05,12.84,0.012,0.064,0.604,0.772,-9.54,-11.0,6
90.10,12.57,0.013,0.063,0.596,0.768,-9.54,-11.0,6
90.15,13.07,0.02,0.053,0.529,0.769,-9.85,-10.96,6
90.20,12.9,0.018,0.063,0.506,0.774,-9.85,-10.96,6
90.25,13.0,0.017,0.057,0.462,0.781,-10.09,-10.9,6
90.30,12.81,0.017,0.058,0.421,0.785,-10.09,-10.9,6
90.35,13.24,0.023,0.048,0.407,0.789,-10.22,-10.81,6
90.40,13.31,0.019,0.054,0.45,0.79,-10.22,-10.81,6
90.45,13.16,0.027,0.045,0.605,0.785,-9.86,-10.66,6
90.50,13.14,0.018,0.052,0.646,0.778,-9.86,-10.66,6
90.55,13.37,0.023,0.041,0.644,0.777,-9.57,-10.54,6
90.60,13.29,0.026,0.04,0.583,0.776,-9.57,-10.54,6
90.65,13.26,0.018,0.034,0.615,0.771,-9.41,-10.43,6
90.70,13.41,0.023,0.052,0.659,0.776,-9.41,-10.43,6
90.75,13.18,0.029,0.033,0.657,0.782,-9.23,-10.32,6
90.80,13.49,0.023,0.048,0.61,0.775,-9.23,-10.32,6
90.85,13.44,0.023,0.046,0.628,0.773,-9.38,-10.26,6
90.90,13.14,0.018,0.053,0.649,0.783,-9.38,-10.26,6
90.95,13.65,0.023,0.038,0.636,0.774,-9.51,-10.2,6
91.00,13.31,0.019,0.037,0.661,0.777,-9.51,-10.2,6
91.05,13.52,0.029,0.037,0.649,0.772,-9.64,-10.15,6
91.10,13.35,0.02,0.041,0.664,0.773,-9.64,-10.15,6
91.15,13.47,0.028,0.03,0.625,0.766,-9.84,-10.08,6
91.20,13.31,0.02,0.033,0.626,0.764,-9.84,-10.08,6
91.25,13.46,0.024,0.024,0.601,0.756,-10.24,-10.03,6
91.30,13.09,0.016,0.037,0.653,0.767,-10.24,-10.03,6
91.35,13.27,0.02,0.033,0.643,0.771,-10.16,-9.92,6
91.40,13.06,0.014,0.037,0.657,0.778,-10.16,-9.92,6
91.45,13.23,0.015,0.04,0.611,0.765,-10.3,-9.86,6
91.50,12.96,0.01,0.035,0.614,0.752,-10.3,-9.86,6
91.55,13.16,0.016,0.041,0.621,0.758,-10.45,-9.81,6
91.60,12.85,0.008,0.034,0.648,0.773,-10.45,-9.81,6
91.65,13.18,0.016,0.028,0.607,0.762,-10.33,-9.82,6
91.70,12.95,0.008,0.027,0.621,0.76,-10.33,-9.82,6
91.75,13.07,0.017,0.027,0.588,0.753,-10.69,-9.84,6
91.80,13.03,0.004,0.025,0.62,0.759,-10.69,-9.84,6
91.85,12.93,0.01,0.025,0.571,0.738,-11.11,-9.83,6
91.90,12.96,0.007,0.019,0.602,0.732,-11.11,-9.83,6
91.95,13.22,0.013,0.028,0.537,0.729,-11.74,-9.87,6
92.00,13.66,0.003,0.026,0.598,0.745,-11.74,-9.87,6
92.05,13.42,0.005,0.029,0.536,0.737,-12.28,-9.94,6
92.10,13.21,0.0,0.025,0.563,0.729,-12.28,-9.94,6
92.15,13.55,0.023,0.043,0.509,0.73,-12.82,-10.02,6
92.20,13.18,0.011,0.066,0.56,0.767,-12.82,-10.02,6
92.25,13.41,0.015,0.074,0.495,0.767,-11.62,-10.06,6
92.30,13.36,0.019,0.066,0.517,0.76,-11.62,-10.06,6
92.35,13.66,0.02,0.063,0.465,0.762,-10.9,-10.1,6
92.40,13.9,0.013,0.064,0.514,0.764,-10.9,-10.1,6
92.45,13.87,0.015,0.065,0.461,0.758,-10.49,-10.13,6
92.50,13.4,0.012,0.059,0.478,0.747,-10.49,-10.13,6
92.55,13.62,0.011,0.053,0.426,0.738,-10.11,-10.16,6
92.60,13.61,0.008,0.076,0.445,0.755,-10.11,-10.16,6
92.65,13.65,0.011,0.088,0.407,0.782,-10.07,-10.19,6
92.70,13.47,0.01,0.09,0.433,0.786,-10.07,-10.19,6
92.75,13.57,0.016,0.076,0.399,0.781,-10.09,-10.22,6
92.80,13.74,0.011,0.076,0.411,0.773,-10.09,-10.22,6
92.85,13.71,0.012,0.083,0.362,0.765,-10.08,-10.27,6
92.90,13.52,0.016,0.072,0.375,0.762,-10.08,-10.27,6
92.95,13.3,0.015,0.072,0.336,0.753,-10.19,-10.33,6
93.00,12.93,0.013,0.076,0.349,0.75,-10.19,-10.33,6
93.05,12.95,0.014,0.083,0.315,0.753,-10.76,-10.36,6
93.10,12.64,0.012,0.072,0.323,0.755,-10.76,-10.36,6
93.15,12.59,0.008,0.074,0.281,0.751,-11.05,-10.37,6
93.20,12.64,0.002,0.059,0.279,0.758,-11.05,-10.37,6
93.25,12.59,0.0,0.079,0.263,0.759,-10.89,-10.37,6
93.30,12.29,0.005,0.077,0.269,0.763,-10.89,-10.37,6
93.35,12.62,0.008,0.074,0.25,0.765,-10.53,-10.37,6
93.40,12.61,0.014,0.071,0.244,0.759,-10.53,-10.37,6
93.45,13.0,0.011,0.073,0.221,0.755,-10.5,-10.45,6
93.50,12.54,0.018,0.067,0.211,0.76,-10.5,-10.45,6
93.55,13.24,0.012,0.064,0.196,0.768,-10.54,-10.52,6
93.60,12.88,0.015,0.056,0.183,0.774,-10.54,-10.52,6
93.65,13.23,0.007,0.06,0.168,0.773,-10.91,-10.59,6
93.70,13.18,0.015,0.057,0.165,0.771,-10.91,-10.59,6
93.75,13.37,0.01,0.057,0.161,0.769,-11.32,-10.67,6
93.80,12.85,0.018,0.05,0.159,0.771,-11.32,-10.67,6
93.85,13.17,0.007,0.051,0.149,0.771,-11.52,-10.74,6
93.90,12.69,0.011,0.041,0.143,0.77,-11.52,-10.74,6
93.95,12.6,0.008,0.037,0.135,0.766,-11.77,-10.82,6
94.00,12.66,0.004,0.025,0.125,0.758,-11.77,-10.82,6
94.05,12.79,0.0,0.02,0.117,0.763,-11.78,-10.88,6
94.10,12.53,0.007,0.028,0.11,0.777,-11.78,-10.88,6
94.15,12.88,0.006,0.037,0.109,0.784,-11.66,-10.92,6
94.20,13.0,0.004,0.036,0.11,0.789,-11.66,-10.92,6
94.25,13.2,0.002,0.036,0.108,0.78,-11.33,-10.89,6
94.30,12.96,0.003,0.11,0.105,0.775,-11.33,-10.89,6
94.35,13.14,0.006,0.129,0.108,0.785,-10.64,-10.89,6
94.40,13.27,0.007,0.107,0.101,0.788,-10.64,-10.89,6
94.45,13.45,0.009,0.105,0.095,0.788,-9.77,-10.8,6
94.50,13.17,0.013,0.091,0.086,0.783,-9.77,-10.8,6
94.55,13.47,0.006,0.098,0.088,0.787,-9.36,-10.74,6
94.60,13.18,0.012,0.084,0.08,0.784,-9.36,-10.74,6
94.65,13.13,0.01,0.078,0.081,0.782,-9.23,-10.7,6
94.70,12.68,0.009,0.073,0.073,0.779,-9.23,-10.7,6
94.75,12.88,0.009,0.078,0.079,0.78,-9.09,-10.63,6
94.80,12.79,0.014,0.068,0.072,0.78,-9.09,-10.63,6
94.85,12.87,0.011,0.075,0.072,0.776,-9.29,-10.52,6
94.90,12.7,0.009,0.065,0.066,0.78,-9.29,-10.52,6
94.95,12.98,0.001,0.063,0.075,0.791,-9.2,-10.39,6
95.00,12.84,0.002,0.062,0.071,0.8,-9.2,-10.39,6
95.05,13.1,0.003,0.057,0.076,0.806,-8.77,-10.23,6
95.10,12.93,0.004,0.053,0.068,0.805,-8.77,-10.23,6
95.15,13.2,0.004,0.048,0.073,0.802,-8.46,-10.06,6
95.20,12.83,0.005,0.041,0.068,0.805,-8.46,-10.06,6
95.25,13.25,0.005,0.042,0.073,0.8,-8.33,-10.04,6
95.30,12.9,0.004,0.041,0.075,0.801,-8.33,-10.04,6
95.35,13.04,0.001,0.043,0.084,0.798,-8.43,-10.01,6
95.40,12.84,0.004,0.029,0.09,0.8,-8.43,-10.01,6
95.45,12.93,0.004,0.041,0.09,0.792,-8.93,-10.0,6
95.50,12.63,0.001,0.04,0.085,0.776,-8.93,-10.0,6
95.55,13.23,0.004,0.06,0.203,0.776,-9.83,-10.03,6
95.60,12.49,0.0,0.064,0.426,0.788,-9.83,-10.03,6
95.65,12.47,0.0,0.046,0.448,0.786,-10.4,-10.09,6
95.70,12.29,0.0,0.044,0.418,0.78,-10.4,-10.09,6
95.75,12.47,0.0,0.042,0.38,0.781,-10.83,-10.1,6
95.80,12.25,0.0,0.053,0.514,0.78,-10.83,-10.1,6
95.85,12.56,0.0,0.048,0.531,0.785,-10.45,-10.05,6
95.90,12.43,0.0,0.037,0.522,0.789,-10.45,-10.05,6
95.95,13.37,0.001,0.046,0.492,0.786,-9.97,-10.0,6
96.00,12.6,0.0,0.077,0.519,0.796,-9.97,-10.0,6
96.05,12.31,0.0,0.078,0.517,0.804,-9.11,-9.86,6
96.10,12.48,0.0,0.066,0.541,0.814,-9.11,-9.86,6
96.15,12.62,0.0,0.069,0.518,0.813,-8.61,-9.76,6
96.20,12.84,0.0,0.052,0.543,0.809,-8.61,-9.76,6
96.25,12.92,0.003,0.051,0.504,0.81,-8.48,-9.71,6
96.30,12.53,0.007,0.042,0.528,0.808,-8.48,-9.71,6
96.35,12.88,0.003,0.052,0.486,0.801,-8.17,-9.64,6
96.40,12.8,0.0,0.054,0.523,0.802,-8.17,-9.64,6
96.45,12.64,0.001,0.06,0.494,0.799,-8.33,-9.55,6
96.50,12.42,0.008,0.046,0.518,0.8,-8.33,-9.55,6
96.55,12.24,0.008,0.045,0.475,0.799,-8.53,-9.49,6
96.60,12.02,0.004,0.031,0.468,0.792,-8.53,-9.49,6
96.65,11.78,0.009,0.07,0.432,0.79,-8.84,-9.45,6
96.70,11.15,0.006,0.074,0.536,0.797,-8.84,-9.45,6
96.75,11.64,0.006,0.073,0.526,0.795,-9.07,-9.38,6
96.80,11.39,0.013,0.055,0.529,0.791,-9.07,-9.38,6
96.85,11.18,0.01,0.063,0.49,0.785,-9.6,-9.35,6
96.90,11.2,0.009,0.062,0.508,0.791,-9.6,-9.35,6
96.95,11.42,0.003,0.063,0.463,0.801,-9.79,-9.29,6
97.00,11.54,0.013,0.042,0.443,0.798,-9.79,-9.29,6
97.05,11.38,0.003,0.045,0.388,0.808,-9.53,-9.22,6
97.10,11.11,0.007,0.038,0.365,0.804,-9.53,-9.22,6
97.15,11.33,0.005,0.043,0.338,0.799,-9.77,-9.2,6
97.20,11.04,0.009,0.031,0.326,0.796,-9.77,-9.2,6
97.25,11.01,0.004,0.04,0.31,0.79,-9.83,-9.2,6
97.30,11.16,0.015,0.056,0.471,0.792,-9.83,-9.2,6
97.35,11.37,0.006,0.057,0.51,0.797,-9.69,-9.19,6
97.40,11.49,0.011,0.043,0.529,0.791,-9.69,-9.19,6
97.45,11.38,0.015,0.046,0.454,0.778,-10.04,-9.25,6
97.50,11.76,0.009,0.039,0.511,0.781,-10.04,-9.25,6
97.55,11.75,0.013,0.055,0.513,0.79,-10.0,-9.28,6
97.60,11.51,0.012,0.036,0.554,0.795,-10.0,-9.28,6
97.65,11.77,0.011,0.036,0.482,0.789,-9.92,-9.29,6
97.70,11.76,0.013,0.038,0.524,0.784,-9.92,-9.29,6
97.75,11.62,0.008,0.044,0.5,0.792,-9.82,-9.29,6
97.80,11.68,0.016,0.031,0.548,0.789,-9.82,-9.29,6
97.85,11.59,0.014,0.035,0.529,0.782,-9.73,-9.31,6
97.90,11.25,0.003,0.029,0.58,0.785,-9.73,-9.31,6
97.95,11.38,0.01,0.05,0.524,0.781,-9.78,-9.35,6
98.00,11.22,0.007,0.037,0.565,0.787,-9.78,-9.35,6
98.05,11.34,0.007,0.035,0.514,0.778,-9.46,-9.38,6
98.10,11.02,0.009,0.033,0.521,0.762,-9.46,-9.38,6
98.15,11.21,0.012,0.055,0.501,0.768,-9.78,-9.47,6
98.20,11.13,0.017,0.05,0.547,0.783,-9.78,-9.47,6
98.25,11.24,0.014,0.057,0.516,0.784,-9.71,-9.51,6
98.30,11.06,0.021,0.047,0.491,0.779,-9.71,-9.51,6
98.35,11.24,0.01,0.048,0.468,0.764,-9.9,-9.56,6
98.40,11.38,0.017,0.037,0.505,0.778,-9.9,-9.56,6
98.45,11.37,0.012,0.042,0.497,0.776,-10.19,-9.55,6
98.50,11.37,0.013,0.021,0.526,0.769,-10.19,-9.55,6
98.55,11.37,0.011,0.038,0.496,0.77,-10.24,-9.52,6
98.60,11.63,0.007,0.022,0.532,0.774,-10.24,-9.52,6
98.65,11.15,0.013,0.028,0.484,0.779,-10.41,-9.51,6
98.70,11.06,0.011,0.017,0.507,0.762,-10.41,-9.51,6
98.75,10.89,0.01,0.038,0.447,0.743,-10.53,-9.53,6
98.80,11.47,0.01,0.022,0.485,0.737,-10.53,-9.53,6
98.85,11.17,0.012,0.038,0.447,0.749,-10.91,-9.6,6
98.90,11.29,0.01,0.014,0.495,0.74,-10.91,-9.6,6
98.95,11.2,0.011,0.024,0.43,0.727,-11.26,-9.66,6
99.00,11.47,0.012,0.008,0.466,0.729,-11.26,-9.66,6
99.05,11.45,0.02,0.028,0.413,0.762,-10.88,-9.73,6
99.10,11.76,0.003,0.024,0.462,0.782,-10.88,-9.73,6
99.15,11.72,0.014,0.033,0.386,0.77,-10.27,-9.77,6
99.20,12.03,0.006,0.02,0.413,0.744,-10.27,-9.77,6
99.25,12.01,0.014,0.029,0.366,0.742,-10.1,-9.84,6
99.30,12.11,0.016,0.016,0.412,0.747,-10.1,-9.84,6
99.35,12.12,0.018,0.021,0.379,0.747,-9.84,-9.93,6
99.40,11.98,0.015,0.018,0.42,0.747,-9.84,-9.93,6
99.45,11.88,0.015,0.027,0.43,0.753,-9.87,-9.98,6
99.50,11.66,0.007,0.024,0.492,0.774,-9.87,-9.98,6
99.55,11.84,0.008,0.033,0.479,0.774,-9.9,-9.98,6
99.60,11.12,0.007,0.02,0.514,0.774,-9.9,-9.98,6
99.65,11.22,0.01,0.025,0.61,0.774,-9.65,-9.96,6
99.70,10.75,0.016,0.019,0.674,0.771,-9.65,-9.96,6
99.75,11.09,0.016,0.024,0.659,0.771,-9.37,-9.97,6
99.80,11.03,0.023,0.019,0.661,0.766,-9.37,-9.97,6
99.85,10.95,0.011,0.016,0.661,0.772,-9.49,-9.96,6
99.90,10.65,0.019,0.011,0.643,0.769,-9.49,-9.96,6
99.95,10.96,0.016,0.028,0.545,0.765,-9.77,-9.98,6
100.00,10.59,0.013,0.023,0.511,0.766,-9.77,-9.98,6
100.05,10.79,0.009,0.016,0.567,0.757,-9.84,-10.01,6
100.10,10.62,0.012,0.012,0.672,0.768,-9.84,-10.01,6
100.15,10.71,0.007,0.018,0.698,0.773,-9.76,-9.97,6
100.20,10.42,0.011,0.027,0.699,0.769,-9.76,-9.97,6
100.25,10.44,0.013,0.019,0.654,0.779,-9.6,-9.93,6
100.30,10.17,0.013,0.018,0.563,0.78,-9.6,-9.93,6
100.35,10.24,0.014,0.025,0.552,0.771,-9.6,-9.96,6
100.40,10.31,0.016,0.02,0.56,0.771,-9.6,-9.96,6
100.45,10.43,0.011,0.025,0.519,0.767,-9.86,-9.98,6
100.50,10.33,0.009,0.035,0.44,0.753,-9.86,-9.98,6
100.55,10.58,0.014,0.043,0.445,0.745,-10.54,-10.04,6
100.60,10.74,0.014,0.033,0.555,0.75,-10.54,-10.04,6
100.65,10.56,0.007,0.025,0.625,0.754,-11.32,-10.09,6
100.70,10.93,0.017,0.016,0.635,0.752,-11.32,-10.09,6
100.75,10.95,0.014,0.022,0.624,0.753,-11.36,-10.15,6
100.80,11.15,0.014,0.01,0.622,0.761,-11.36,-10.15,6
100.85,11.2,0.011,0.009,0.598,0.758,-11.2,-10.16,6
100.90,11.24,0.012,0.029,0.607,0.759,-11.2,-10.16,6
100.95,11.19,0.01,0.029,0.624,0.764,-10.66,-10.15,6
101.00,11.01,0.011,0.025,0.634,0.757,-10.66,-10.15,6
101.05,10.97,0.006,0.023,0.591,0.75,-10.42,-10.22,6
101.10,11.09,0.009,0.032,0.495,0.729,-10.42,-10.22,6
101.15,11.06,0.01,0.025,0.456,0.724,-10.98,-10.3,6
101.20,11.21,0.014,0.015,0.477,0.724,-10.98,-10.3,6
101.25,10.82,0.005,0.017,0.533,0.728,-11.79,-10.41,6
101.30,10.94,0.01,0.012,0.549,0.734,-11.79,-10.41,6
101.35,10.98,0.009,0.026,0.513,0.721,-12.82,-10.46,6
101.40,10.75,0.011,0.018,0.516,0.734,-12.82,-10.46,6
101.45,10.72,0.011,0.026,0.607,0.737,-13.1,-10.52,6
101.50,11.06,0.006,0.021,0.653,0.746,-13.1,-10.52,6
101.55,11.2,0.0,0.025,0.61,0.739,-12.5,-10.55,6
101.60,11.13,0.009,0.019,0.515,0.712,-12.5,-10.55,6
101.65,11.18,0.003,0.029,0.42,0.711,-12.63,-10.65,6
101.70,11.31,0.006,0.014,0.433,0.734,-12.63,-10.65,6
101.75,11.52,0.003,0.025,0.426,0.737,-12.55,-10.68,6
101.80,11.57,0.0,0.022,0.48,0.739,-12.55,-10.68,6
101.85,11.12,0.004,0.019,0.527,0.734,-12.92,-10.72,6
101.90,11.17,0.005,0.007,0.548,0.741,-12.92,-10.72,6
101.95,11.28,0.003,0.027,0.572,0.748,-13.39,-10.74,6
102.00,10.82,0.0,0.015,0.644,0.764,-13.39,-10.74,6
102.05,10.61,0.0,0.012,0.654,0.764,-12.01,-10.78,6
102.10,10.87,0.0,0.007,0.654,0.763,-12.01,-10.78,6
102.15,10.92,0.0,0.021,0.603,0.756,-11.49,-10.84,6
102.20,11.44,0.0,0.013,0.527,0.748,-11.49,-10.84,6
102.25,11.14,0.001,0.02,0.489,0.753,-11.04,-10.85,6
102.30,11.71,0.003,0.016,0.511,0.746,-11.04,-10.85,6
102.35,11.65,0.002,0.031,0.459,0.748,-10.81,-10.89,6
102.40,12.38,0.0,0.023,0.507,0.749,-10.81,-10.89,6
102.45,11.97,0.001,0.029,0.592,0.756,-11.26,-10.98,6
102.50,12.44,0.0,0.015,0.611,0.754,-11.26,-10.98,6
102.55,12.31,0.005,0.02,0.548,0.755,-11.52,-11.07,6
102.60,13.17,0.004,0.006,0.489,0.753,-11.52,-11.07,6
102.65,12.61,0.0,0.01,0.59,0.753,-11.46,-11.12,6
102.70,12.76,0.0,0.003,0.672,0.763,-11.46,-11.12,6
102.75,12.43,0.0,0.012,0.661,0.769,-10.46,-11.07,6
102.80,12.77,0.0,0.005,0.644,0.769,-10.46,-11.07,6
102.85,12.31,0.0,0.025,0.647,0.779,-9.71,-11.02,6
102.90,12.47,0.0,0.025,0.656,0.792,-9.71,-11.02,6
102.95,12.32,0.0,0.032,0.638,0.802,-8.87,-10.89,6
103.00,13.05,0.0,0.023,0.639,0.803,-8.87,-10.89,6
103.05,12.76,0.001,0.02,0.629,0.797,-8.43,-10.83,6
103.10,12.78,0.005,0.016,0.638,0.801,-8.43,-10.83,6
103.15,12.98,0.005,0.026,0.625,0.801,-8.34,-10.78,6
103.20,13.09,0.001,0.019,0.632,0.794,-8.34,-10.78,6
103.25,12.64,0.001,0.02,0.619,0.802,-8.2,-10.73,6
103.30,12.59,0.001,0.02,0.629,0.805,-8.2,-10.73,6
103.35,12.88,0.007,0.016,0.618,0.801,-8.23,-10.61,6
103.40,12.7,0.009,0.01,0.607,0.798,-8.23,-10.61,6
103.45,12.2,0.009,0.015,0.547,0.792,-8.4,-10.55,6
103.50,12.29,0.006,0.015,0.547,0.789,-8.4,-10.55,6
103.55,12.06,0.005,0.022,0.612,0.796,-8.65,-10.46,6
103.60,12.04,0.006,0.018,0.634,0.8,-8.65,-10.46,6
103.65,11.85,0.012,0.021,0.612,0.795,-8.81,-10.35,6
103.70,11.79,0.013,0.027,0.595,0.784,-8.81,-10.35,6
103.75,11.55,0.011,0.025,0.581,0.777,-9.17,-10.3,6
103.80,12.08,0.014,0.026,0.554,0.775,-9.17,-10.3,6
103.85,12.14,0.017,0.022,0.485,0.769,-9.33,-10.29,6
103.90,12.31,0.002,0.019,0.435,0.786,-9.33,-10.29,6
103.95,12.27,0.006,0.021,0.385,0.797,-9.47,-10.29,6
104.00,12.48,0.013,0.023,0.353,0.789,-9.47,-10.29,6
104.05,12.33,0.011,0.023,0.331,0.782,-9.93,-10.28,6
104.10,12.19,0.005,0.019,0.314,0.782,-9.93,-10.28,6
104.15,12.43,0.011,0.015,0.469,0.784,-10.2,-10.21,6
104.20,12.61,0.015,0.019,0.555,0.795,-10.2,-10.21,6
104.25,12.34,0.016,0.014,0.552,0.783,-9.98,-10.08,6
104.30,12.28,0.01,0.021,0.498,0.777,-9.98,-10.08,6
104.35,12.12,0.014,0.021,0.476,0.771,-10.29,-10.04,6
104.40,12.55,0.015,0.025,0.529,0.784,-10.29,-10.04,6
104.45,12.16,0.019,0.025,0.534,0.778,-10.23,-10.01,6
104.50,12.24,0.01,0.026,0.511,0.771,-10.23,-10.01,6
104.55,12.57,0.016,0.03,0.507,0.768,-10.34,-9.99,6
104.60,12.29,0.012,0.034,0.535,0.779,-10.34,-9.99,6
104.65,12.67,0.015,0.032,0.548,0.783,-10.07,-9.83,6
104.70,12.46,0.011,0.026,0.549,0.784,-10.07,-9.83,6
104.75,12.56,0.011,0.034,0.549,0.778,-9.83,-9.77,6
104.80,12.31,0.011,0.029,0.544,0.778,-9.83,-9.77,6
104.85,12.5,0.014,0.024,0.54,0.784,-9.51,-9.67,6
104.90,12.23,0.01,0.02,0.527,0.781,-9.51,-9.67,6
104.95,12.2,0.015,0.026,0.499,0.772,-9.23,-9.59,6
105.00,12.25,0.011,0.037,0.503,0.771,-9.23,-9.59,6
105.05,12.38,0.016,0.035,0.529,0.794,-9.38,-9.55,6
105.10,12.08,0.013,0.032,0.517,0.791,-9.38,-9.55,6
105.15,12.13,0.015,0.033,0.488,0.775,-9.36,-9.53,6
105.20,12.23,0.012,0.034,0.462,0.766,-9.36,-9.53,6
105.25,12.05,0.017,0.03,0.5,0.773,-9.6,-9.5,6
105.30,12.25,0.013,0.029,0.507,0.779,-9.6,-9.5,6
105.35,11.98,0.009,0.023,0.497,0.774,-9.77,-9.47,6
105.40,12.59,0.007,0.03,0.486,0.778,-9.77,-9.47,6
105.45,12.27,0.007,0.026,0.493,0.792,-10.06,-9.42,6
105.50,12.42,0.006,0.025,0.482,0.792,-10.06,-9.42,6
105.55,12.2,0.006,0.022,0.471,0.783,-10.17,-9.4,6
105.60,12.52,0.005,0.027,0.456,0.782,-10.17,-9.4,6
105.65,12.39,0.01,0.019,0.444,0.776,-10.29,-9.39,6
105.70,12.54,0.002,0.015,0.442,0.78,-10.29,-9.39,6
105.75,11.89,0.0,0.016,0.438,0.768,-10.28,-9.45,6
105.80,12.48,0.0,0.017,0.417,0.757,-10.28,-9.45,6
105.85,12.23,0.011,0.008,0.38,0.748,-10.5,-9.52,6
105.90,12.22,0.003,0.012,0.379,0.771,-10.5,-9.52,6
105.95,11.97,0.0,0.027,0.359,0.773,-9.98,-9.54,6
106.00,12.23,0.003,0.024,0.345,0.77,-9.98,-9.54,6
106.05,12.16,0.0,0.026,0.342,0.768,-9.77,-9.59,6
106.10,11.9,0.001,0.022,0.36,0.763,-9.77,-9.59,6
106.15,12.25,0.003,0.025,0.367,0.768,-9.55,-9.64,6
106.20,12.31,0.001,0.029,0.38,0.758,-9.55,-9.64,6
106.25,12.24,0.0,0.02,0.356,0.745,-9.62,-9.74,6
106.30,12.1,0.0,0.015,0.402,0.753,-9.62,-9.74,6
106.35,12.13,0.0,0.027,0.417,0.774,-9.91,-9.8,6
106.40,11.91,0.0,0.035,0.447,0.78,-9.91,-9.8,6
106.45,12.06,0.0,0.039,0.45,0.771,-9.74,-9.79,6
106.50,11.97,0.0,0.023,0.557,0.773,-9.74,-9.79,6
106.55,11.89,0.004,0.022,0.645,0.78,-9.44,-9.76,6
106.60,11.71,0.005,0.022,0.653,0.778,-9.44,-9.76,6
106.65,11.52,0.008,0.022,0.611,0.776,-9.12,-9.79,6
106.70,11.59,0.008,0.026,0.599,0.771,-9.12,-9.79,6
106.75,11.46,0.009,0.025,0.654,0.773,-9.1,-9.79,6
106.80,11.88,0.012,0.027,0.695,0.771,-9.1,-9.79,6
106.85,11.29,0.013,0.034,0.704,0.769,-9.19,-9.77,6
106.90,11.17,0.007,0.031,0.677,0.778,-9.19,-9.77,6
106.95,11.33,0.009,0.027,0.625,0.774,-9.47,-9.76,6
107.00,11.21,0.002,0.033,0.634,0.772,-9.47,-9.76,6
107.05,11.08,0.001,0.031,0.628,0.77,-9.59,-9.74,6
107.10,11.13,0.001,0.042,0.565,0.753,-9.59,-9.74,6
107.15,11.29,0.005,0.051,0.483,0.757,-10.0,-9.77,6
107.20,11.13,0.004,0.041,0.569,0.755,-10.0,-9.77,6
107.25,11.4,0.0,0.048,0.687,0.758,-10.35,-9.82,6
107.30,11.35,0.005,0.034,0.697,0.756,-10.35,-9.82,6
107.35,11.17,0.004,0.041,0.679,0.767,-10.8,-9.82,6
107.40,11.55,0.001,0.038,0.676,0.779,-10.8,-9.82,6
107.45,11.18,0.007,0.046,0.647,0.779,-10.66,-9.79,6
107.50,11.22,0.005,0.042,0.572,0.776,-10.66,-9.79,6
107.55,11.18,0.012,0.048,0.699,0.77,-10.25,-9.76,6
107.60,10.93,0.011,0.035,0.731,0.757,-10.25,-9.76,6
107.65,11.02,0.014,0.042,0.708,0.753,-10.01,-9.81,6
107.70,11.26,0.013,0.037,0.636,0.752,-10.01,-9.81,6
107.75,11.15,0.007,0.053,0.547,0.746,-10.01,-9.84,6
107.80,10.99,0.0,0.047,0.55,0.75,-10.01,-9.84,6
107.85,11.11,0.007,0.053,0.586,0.756,-10.4,-9.91,6
107.90,11.04,0.008,0.042,0.645,0.779,-10.4,-9.91,6
107.95,11.11,0.012,0.047,0.657,0.771,-10.83,-9.96,6
108.00,10.92,0.002,0.048,0.645,0.746,-10.83,-9.96,6
108.05,11.09,0.017,0.062,0.672,0.757,-10.52,-9.96,6
108.10,11.0,0.002,0.067,0.685,0.771,-10.52,-9.96,6
108.15,11.1,0.013,0.064,0.718,0.778,-9.83,-9.91,6
108.20,10.85,0.01,0.055,0.741,0.779,-9.83,-9.91,6
108.25,10.83,0.01,0.051,0.734,0.772,-9.03,-9.82,6
108.30,10.72,0.001,0.06,0.707,0.777,-9.03,-9.82,6
108.35,10.93,0.012,0.061,0.642,0.775,-8.66,-9.79,6
108.40,10.8,0.008,0.066,0.612,0.774,-8.66,-9.79,6
108.45,10.76,0.009,0.068,0.642,0.782,-8.58,-9.74,6
108.50,10.79,0.009,0.064,0.629,0.786,-8.58,-9.74,6
108.55,10.97,0.011,0.067,0.596,0.773,-8.79,-9.71,6
108.60,11.08,0.011,0.077,0.66,0.773,-8.79,-9.71,6
108.65,11.0,0.016,0.072,0.688,0.771,-8.84,-9.62,6
108.70,11.1,0.017,0.069,0.672,0.771,-8.84,-9.62,6
108.75,11.36,0.015,0.072,0.64,0.769,-8.88,-9.6,6
108.80,10.98,0.003,0.074,0.624,0.759,-8.88,-9.6,6
108.85,10.93,0.002,0.08,0.583,0.747,-9.35,-9.59,6
108.90,10.89,0.003,0.08,0.574,0.752,-9.35,-9.59,6
108.95,10.83,0.01,0.079,0.611,0.765,-9.47,-9.64,6
109.00,10.8,0.005,0.064,0.63,0.77,-9.47,-9.64,6
109.05,10.69,0.017,0.09,0.585,0.775,-9.94,-9.65,6
109.10,10.65,0.004,0.083,0.573,0.773,-9.94,-9.65,6
109.15,11.0,0.01,0.081,0.534,0.768,-10.15,-9.67,6
109.20,10.98,0.008,0.066,0.553,0.765,-10.15,-9.67,6
109.25,10.85,0.002,0.07,0.66,0.771,-10.27,-9.67,6
109.30,10.82,0.0,0.06,0.666,0.755,-10.27,-9.67,6
109.35,11.36,0.0,0.083,0.623,0.757,-10.64,-9.72,6
109.40,11.27,0.0,0.075,0.577,0.765,-10.64,-9.72,6
109.45,10.77,0.0,0.078,0.614,0.779,-10.17,-9.7,6
109.50,10.28,0.0,0.077,0.622,0.785,-10.17,-9.7,6
109.55,10.41,0.0,0.095,0.602,0.785,-9.4,-9.67,6
109.60,10.62,0.0,0.072,0.561,0.794,-9.4,-9.67,6
109.65,12.04,0.0,0.074,0.506,0.82,-8.64,-9.6,6
109.70,11.64,0.0,0.102,0.528,0.8,-8.64,-9.6,6
109.75,12.97,0.0,0.09,0.624,0.76,-8.44,-9.62,7
109.80,12.67,0.0,0.081,0.624,0.624,-8.44,-9.62,7
109.85,12.3,0.0,0.075,0.622,0.549,-9.46,-9.74,7
109.90,12.69,0.0,0.091,0.586,0.521,-9.46,-9.74,7
109.95,12.57,0.0,0.074,0.586,0.525,-10.95,-9.85,7
110.00,12.25,0.0,0.073,0.59,0.536,-10.95,-9.85,7
110.05,12.13,0.0,0.072,0.591,0.55,-13.11,-9.93,7
110.10,12.24,0.0,0.058,0.54,0.559,-13.11,-9.93,7
110.15,12.15,0.0,0.057,0.469,0.58,-15.11,-10.0,7
110.20,12.16,0.0,0.055,0.466,0.601,-15.11,-10.0,7
110.25,12.1,0.0,0.057,0.464,0.606,-14.71,-10.07,7
110.30,11.89,0.0,0.049,0.512,0.607,-14.71,-10.07,7
110.35,12.09,0.0,0.062,0.668,0.652,-13.87,-10.09,7
110.40,12.02,0.0,0.059,0.681,0.686,-13.87,-10.09,7
110.45,11.73,0.0,0.07,0.641,0.673,-12.33,-10.09,7
110.50,11.64,0.0,0.074,0.671,0.643,-12.33,-10.09,7
110.55,11.5,0.0,0.071,0.684,0.644,-11.58,-10.15,7
110.60,11.34,0.0,0.059,0.681,0.645,-11.58,-10.15,7
110.65,11.21,0.0,0.067,0.664,0.648,-11.37,-10.23,7
110.70,11.21,0.0,0.069,0.661,0.649,-11.37,-10.23,7
110.75,11.31,0.0,0.066,0.643,0.646,-11.65,-10.28,7
110.80,11.22,0.0,0.059,0.681,0.643,-11.65,-10.28,7
110.85,11.0,0.0,0.078,0.696,0.663,-11.81,-10.24,7
110.90,10.96,0.0,0.074,0.685,0.676,-11.81,-10.24,7
110.95,10.99,0.0,0.067,0.682,0.673,-11.98,-10.26,7
111.00,11.01,0.0,0.057,0.679,0.669,-11.98,-10.26,7
111.05,11.16,0.0,0.071,0.698,0.678,-11.51,-10.34,7
111.10,11.21,0.0,0.065,0.708,0.684,-11.51,-10.34,7
111.15,11.44,0.0,0.061,0.712,0.69,-10.33,-10.35,7
111.20,11.53,0.0,0.055,0.692,0.665,-10.33,-10.35,7
111.25,11.49,0.0,0.054,0.679,0.659,-10.36,-10.45,7
111.30,11.51,0.0,0.051,0.686,0.647,-10.36,-10.45,7
111.35,11.43,0.0,0.058,0.684,0.648,-9.96,-10.49,7
111.40,11.22,0.0,0.054,0.663,0.638,-9.96,-10.49,7
111.45,11.04,0.0,0.055,0.683,0.636,-9.94,-10.58,7
111.50,11.14,0.0,0.056,0.713,0.635,-9.94,-10.58,7
111.55,10.91,0.0,0.051,0.719,0.651,-10.03,-10.56,7
111.60,10.77,0.0,0.051,0.721,0.645,-10.03,-10.56,7
111.65,10.58,0.0,0.054,0.728,0.653,-9.67,-10.6,7
111.70,10.28,0.0,0.058,0.721,0.658,-9.67,-10.6,7
111.75,10.44,0.0,0.051,0.712,0.665,-9.56,-10.61,7
111.80,10.33,0.0,0.057,0.696,0.642,-9.56,-10.61,7
111.85,10.23,0.0,0.066,0.666,0.632,-9.79,-10.65,7
111.90,10.18,0.0,0.059,0.639,0.623,-9.79,-10.65,7
111.95,10.42,0.0,0.053,0.666,0.626,-10.55,-10.73,7
112.00,10.24,0.0,0.051,0.662,0.601,-10.55,-10.73,7
112.05,10.48,0.0,0.058,0.623,0.587,-11.7,-10.83,7
112.10,10.26,0.0,0.059,0.629,0.587,-11.7,-10.83,7
112.15,10.24,0.0,0.066,0.638,0.595,-12.39,-10.88,7
112.20,9.98,0.0,0.061,0.632,0.588,-12.39,-10.88,7
112.25,10.0,0.0,0.061,0.623,0.591,-12.29,-10.9,7
112.30,9.86,0.0,0.056,0.643,0.601,-12.29,-10.9,7
112.35,9.93,0.0,0.075,0.634,0.615,-12.23,-10.91,7
112.40,9.7,0.0,0.061,0.623,0.615,-12.23,-10.91,7
112.45,9.89,0.0,0.073,0.608,0.626,-12.07,-11.07,7
112.50,9.71,0.0,0.067,0.617,0.627,-12.07,-11.07,7
112.55,9.81,0.0,0.07,0.611,0.635,-12.21,-11.29,7
112.60,9.76,0.0,0.064,0.618,0.631,-12.21,-11.29,7
112.65,9.84,0.0,0.07,0.67,0.639,-11.54,-11.4,7
112.70,9.98,0.0,0.059,0.709,0.625,-11.54,-11.4,7
112.75,10.27,0.0,0.063,0.728,0.64,-10.83,-11.37,7
112.80,10.07,0.0,0.056,0.729,0.637,-10.83,-11.37,7
112.85,10.42,0.0,0.064,0.715,0.629,-10.23,-11.21,7
112.90,10.23,0.0,0.056,0.697,0.614,-10.23,-11.21,7
112.95,10.24,0.0,0.063,0.695,0.617,-10.09,-11.15,7
113.00,9.93,0.0,0.062,0.724,0.616,-10.09,-11.15,7
113.05,10.02,0.0,0.071,0.737,0.617,-9.84,-10.98,7
113.10,9.71,0.0,0.054,0.731,0.606,-9.84,-10.98,7
113.15,9.82,0.0,0.064,0.727,0.601,-10.28,-10.89,7
113.20,9.54,0.0,0.047,0.722,0.593,-10.28,-10.89,7
113.25,9.54,0.0,0.056,0.727,0.596,-10.42,-10.8,7
113.30,9.53,0.0,0.042,0.72,0.59,-10.42,-10.8,7
113.35,9.3,0.0,0.047,0.719,0.59,-10.51,-10.8,7
113.40,9.53,0.0,0.041,0.699,0.572,-10.51,-10.8,7
113.45,9.38,0.0,0.045,0.657,0.558,-11.84,-10.93,7
113.50,9.54,0.0,0.037,0.615,0.526,-11.84,-10.93,7
113.55,9.76,0.0,0.037,0.651,0.532,-12.52,-10.99,7
113.60,9.53,0.0,0.033,0.675,0.538,-12.52,-10.99,7
113.65,9.73,0.0,0.04,0.667,0.532,-13.64,-11.01,7
113.70,9.63,0.0,0.028,0.602,0.512,-13.64,-11.01,7
113.75,9.72,0.0,0.038,0.543,0.491,-14.99,-11.07,7
113.80,9.64,0.0,0.028,0.55,0.493,-14.99,-11.07,7
113.85,9.75,0.0,0.049,0.565,0.5,-15.86,-11.23,7
113.90,9.63,0.0,0.033,0.549,0.492,-15.86,-11.23,7
113.95,9.79,0.0,0.044,0.526,0.477,-16.96,-11.32,7
114.00,9.42,0.0,0.034,0.504,0.47,-16.96,-11.32,7
114.05,9.58,0.0,0.038,0.476,0.465,-19.15,-11.46,7
114.10,9.58,0.0,0.037,0.574,0.461,-19.15,-11.46,7
114.15,9.6,0.0,0.049,0.703,0.479,-15.98,-11.6,7
114.20,9.57,0.0,0.035,0.722,0.484,-15.98,-11.6,7
114.25,9.69,0.0,0.045,0.682,0.479,-14.59,-11.69,7
114.30,9.64,0.0,0.043,0.699,0.474,-14.59,-11.69,7
114.35,9.86,0.0,0.05,0.671,0.466,-13.85,-11.81,7
114.40,9.59,0.0,0.042,0.619,0.455,-13.85,-11.81,7
114.45,9.77,0.0,0.059,0.704,0.486,-12.97,-11.89,7
114.50,9.6,0.0,0.05,0.726,0.493,-12.97,-11.89,7
114.55,9.89,0.0,0.057,0.711,0.484,-13.43,-12.08,7
114.60,9.51,0.0,0.061,0.659,0.479,-13.43,-12.08,7
114.65,9.73,0.0,0.052,0.654,0.473,-14.16,-12.33,7
114.70,9.58,0.0,0.052,0.704,0.473,-14.16,-12.33,7
114.75,9.68,0.0,0.055,0.736,0.453,-13.88,-12.47,7
114.80,9.5,0.0,0.064,0.718,0.456,-13.88,-12.47,7
114.85,9.73,0.0,0.062,0.725,0.459,-13.75,-12.49,7
114.90,9.52,0.0,0.052,0.711,0.456,-13.75,-12.49,7
114.95,9.69,0.0,0.058,0.687,0.446,-14.22,-12.57,7
115.00,9.64,0.0,0.06,0.602,0.422,-14.22,-12.57,7
115.05,9.85,0.0,0.064,0.584,0.419,-14.66,-12.67,7
115.10,9.78,0.0,0.059,0.583,0.42,-14.66,-12.67,7
115.15,10.13,0.0,0.065,0.59,0.42,-16.07,-12.83,7
115.20,9.9,0.0,0.055,0.668,0.423,-16.07,-12.83,7
115.25,10.1,0.0,0.055,0.722,0.423,-15.95,-12.85,7
115.30,9.9,0.0,0.048,0.726,0.427,-15.95,-12.85,7
115.35,10.01,0.0,0.037,0.723,0.419,-14.44,-12.83,7
115.40,9.6,0.0,0.038,0.692,0.418,-14.44,-12.83,7
115.45,9.76,0.0,0.048,0.629,0.417,-14.08,-12.93,7
115.50,9.55,0.0,0.049,0.586,0.404,-14.08,-12.93,7
115.55,9.78,0.0,0.045,0.557,0.386,-14.1,-13.07,7
115.60,9.36,0.0,0.049,0.569,0.385,-14.1,-13.07,7
115.65,9.53,0.0,0.049,0.595,0.382,-15.61,-13.36,7
115.70,9.49,0.0,0.054,0.668,0.406,-15.61,-13.36,7
115.75,9.53,0.0,0.051,0.674,0.396,-17.08,-13.6,7
115.80,9.51,0.0,0.046,0.668,0.407,-17.08,-13.6,7
115.85,9.8,0.0,0.052,0.615,0.4,-17.53,-13.91,7
115.90,9.67,0.0,0.044,0.525,0.391,-17.53,-13.91,7
115.95,9.91,0.0,0.056,0.491,0.394,-17.72,-14.14,7
116.00,9.9,0.0,0.051,0.484,0.402,-17.72,-14.14,7
116.05,10.17,0.0,0.048,0.458,0.396,-18.03,-14.63,7
116.10,10.28,0.0,0.045,0.438,0.402,-18.03,-14.63,7
116.15,10.23,0.0,0.042,0.423,0.403,-21.36,-14.93,7
116.20,10.33,0.0,0.039,0.416,0.404,-21.36,-14.93,7
116.25,10.45,0.0,0.044,0.417,0.4,-23.16,-15.34,7
116.30,10.68,0.0,0.035,0.412,0.396,-23.16,-15.34,7
116.35,10.58,0.0,0.038,0.452,0.398,-23.23,-15.63,7
116.40,10.6,0.0,0.036,0.478,0.402,-23.23,-15.63,7
116.45,10.68,0.0,0.037,0.48,0.404,-23.04,-15.79,7
116.50,10.98,0.0,0.042,0.476,0.407,-23.04,-15.79,7
116.55,10.95,0.0,0.043,0.474,0.406,-22.99,-15.96,7
116.60,11.11,0.0,0.033,0.466,0.405,-22.99,-15.96,7
116.65,11.02,0.0,0.038,0.44,0.403,-23.04,-16.18,7
116.70,11.11,0.0,0.032,0.461,0.405,-23.04,-16.18,7
116.75,11.25,0.0,0.033,0.475,0.401,-23.06,-16.24,7
116.80,11.08,0.0,0.027,0.585,0.421,-23.06,-16.24,7
116.85,10.85,0.0,0.041,0.656,0.434,-19.83,-16.15,7
116.90,10.46,0.0,0.028,0.66,0.435,-19.83,-16.15,7
116.95,10.6,0.0,0.035,0.644,0.444,-18.36,-16.08,7
117.00,10.14,0.0,0.028,0.654,0.444,-18.36,-16.08,7
117.05,9.98,0.0,0.032,0.658,0.44,-16.51,-15.94,7
117.10,9.84,0.0,0.032,0.665,0.457,-16.51,-15.94,7
117.15,9.91,0.0,0.035,0.631,0.451,-15.83,-16.21,7
117.20,9.58,0.0,0.03,0.531,0.448,-15.83,-16.21,7
117.25,9.7,0.0,0.037,0.53,0.44,-16.82,-16.5,7
117.30,9.41,0.0,0.038,0.641,0.465,-16.82,-16.5,7
117.35,9.67,0.0,0.032,0.674,0.485,-15.86,-16.46,7
117.40,9.35,0.0,0.024,0.646,0.485,-15.86,-16.46,7
117.45,9.48,0.0,0.031,0.604,0.497,-16.22,-16.59,7
117.50,9.44,0.0,0.023,0.554,0.519,-16.22,-16.59,7
117.55,9.43,0.0,0.035,0.548,0.537,-16.55,-16.82,7
117.60,9.17,0.0,0.029,0.538,0.555,-16.55,-16.82,7
117.65,9.45,0.0,0.038,0.565,0.607,-15.46,-16.76,7
117.70,9.19,0.0,0.029,0.577,0.688,-15.46,-16.76,7
117.75,9.45,0.0,0.033,0.573,0.728,-14.37,-16.57,7
117.80,9.1,0.0,0.028,0.549,0.711,-14.37,-16.57,7
117.85,9.32,0.0,0.034,0.534,0.715,-13.66,-16.57,7
117.90,9.28,0.0,0.015,0.502,0.693,-13.66,-16.57,7
117.95,9.47,0.0,0.032,0.518,0.693,-12.82,-16.43,7
118.00,9.27,0.0,0.027,0.519,0.661,-12.82,-16.43,7
118.05,9.7,0.0,0.038,0.502,0.652,-12.45,-16.18,7
118.10,9.63,0.0,0.018,0.456,0.615,-12.45,-16.18,7
118.15,10.02,0.0,0.027,0.434,0.6,-13.77,-16.14,7
118.20,9.86,0.0,0.026,0.44,0.609,-13.77,-16.14,7
118.25,10.17,0.0,0.04,0.448,0.63,-14.6,-16.33,7
118.30,10.17,0.0,0.019,0.459,0.658,-14.6,-16.33,7
118.35,10.48,0.0,0.021,0.467,0.694,-14.92,-16.53,7
118.40,9.98,0.0,0.014,0.47,0.682,-14.92,-16.53,7
118.45,10.65,0.0,0.029,0.468,0.681,-15.3,-16.42,7
118.50,10.36,0.0,0.02,0.467,0.683,-15.3,-16.42,7
118.55,10.55,0.0,0.037,0.445,0.694,-14.33,-16.19,7
118.60,10.17,0.0,0.026,0.443,0.665,-14.33,-16.19,7
118.65,10.58,0.0,0.035,0.434,0.666,-13.8,-15.99,7
118.70,10.2,0.0,0.025,0.421,0.65,-13.8,-15.99,7
118.75,10.58,0.0,0.04,0.396,0.637,-14.21,-16.08,7
118.80,10.12,0.0,0.029,0.412,0.631,-14.21,-16.08,7
118.85,10.37,0.0,0.046,0.49,0.645,-14.42,-15.97,7
118.90,10.31,0.0,0.039,0.558,0.653,-14.42,-15.97,7
118.95,10.33,0.0,0.031,0.571,0.664,-13.8,-15.63,7
119.00,10.04,0.0,0.03,0.56,0.651,-13.8,-15.63,7
119.05,10.24,0.0,0.038,0.563,0.664,-13.59,-15.39,7
119.10,10.18,0.0,0.029,0.592,0.688,-13.59,-15.39,7
119.15,10.3,0.0,0.037,0.614,0.708,-12.5,-15.06,7
119.20,9.99,0.0,0.031,0.609,0.697,-12.5,-15.06,7
119.25,10.27,0.0,0.042,0.586,0.695,-11.99,-14.8,7
119.30,10.01,0.0,0.033,0.538,0.691,-11.99,-14.8,7
119.35,10.09,0.0,0.039,0.507,0.7,-12.46,-14.65,7
119.40,9.82,0.0,0.03,0.506,0.682,-12.46,-14.65,7
119.45,9.79,0.0,0.044,0.492,0.67,-12.52,-14.47,7
119.50,9.72,0.0,0.025,0.495,0.659,-12.52,-14.47,7
119.55,10.01,0.0,0.026,0.506,0.66,-13.0,-14.29,7
119.60,9.76,0.0,0.03,0.533,0.646,-13.0,-14.29,7
119.65,10.11,0.0,0.055,0.554,0.665,-13.16,-14.11,7
119.70,9.92,0.0,0.027,0.585,0.665,-13.16,-14.11,7
119.75,10.21,0.0,0.044,0.627,0.687,-12.39,-13.84,7
119.80,9.91,0.0,0.023,0.656,0.682,-12.39,-13.84,7
119.85,10.23,0.0,0.041,0.662,0.684,-11.43,-13.58,7
119.90,10.02,0.0,0.025,0.661,0.67,-11.43,-13.58,7
119.95,10.39,0.0,0.032,0.651,0.661,-11.12,-13.41,7
120.00,10.08,0.0,0.022,0.618,0.633,-11.12,-13.41,7
120.05,10.42,0.0,0.04,0.53,0.631,-11.6,-13.46,7
120.10,10.08,0.0,0.03,0.573,0.627,-11.6,-13.46,7
120.15,10.21,0.0,0.034,0.628,0.639,-12.23,-13.39,7
120.20,9.84,0.0,0.022,0.608,0.621,-12.23,-13.39,7
120.25,10.15,0.0,0.037,0.541,0.592,-14.23,-13.36,7
120.30,9.86,0.0,0.026,0.558,0.572,-14.23,-13.36,7
120.35,10.09,0.0,0.028,0.642,0.573,-15.38,-13.37,7
120.40,9.84,0.0,0.032,0.671,0.578,-15.38,-13.37,7
120.45,9.97,0.0,0.032,0.664,0.582,-14.46,-13.31,7
120.50,9.91,0.0,0.03,0.642,0.561,-14.46,-13.31,7
120.55,9.99,0.0,0.055,0.663,0.566,-13.47,-13.11,7
120.60,9.82,0.0,0.061,0.677,0.566,-13.47,-13.11,7
120.65,9.99,0.0,0.078,0.673,0.553,-12.28,-12.99,7
120.70,9.77,0.0,0.075,0.652,0.532,-12.28,-12.99,7
120.75,10.05,0.0,0.083,0.613,0.508,-12.52,-13.14,7
120.80,9.65,0.0,0.086,0.563,0.485,-12.52,-13.14,7
120.85,10.02,0.0,0.098,0.528,0.479,-13.36,-13.27,7
120.90,9.84,0.0,0.093,0.505,0.461,-13.36,-13.27,7
120.95,9.89,0.0,0.101,0.494,0.448,-15.43,-13.4,7
121.00,9.73,0.0,0.113,0.472,0.439,-15.43,-13.4,7
121.05,9.94,0.0,0.123,0.502,0.445,-19.17,-13.54,7
121.10,9.78,0.0,0.129,0.622,0.471,-19.17,-13.54,7
121.15,10.02,0.0,0.123,0.656,0.495,-17.91,-13.46,7
121.20,9.99,0.004,0.121,0.644,0.5,-17.91,-13.46,7
121.25,10.11,0.002,0.125,0.648,0.517,-16.5,-13.42,7
121.30,9.93,0.0,0.125,0.656,0.521,-16.5,-13.42,7
121.35,10.12,0.0,0.141,0.625,0.521,-15.86,-13.48,7
121.40,10.04,0.003,0.12,0.536,0.516,-15.86,-13.48,7
121.45,10.23,0.0,0.1,0.498,0.513,-15.81,-13.58,7
121.50,10.1,0.004,0.113,0.63,0.51,-15.81,-13.58,7
121.55,10.3,0.0,0.127,0.671,0.507,-15.9,-13.6,7
121.60,10.16,0.0,0.122,0.618,0.48,-15.9,-13.6,7
121.65,10.51,0.0,0.131,0.524,0.448,-17.14,-13.72,7
121.70,10.13,0.0,0.128,0.632,0.482,-17.14,-13.72,7
121.75,10.27,0.0,0.144,0.691,0.499,-16.03,-13.65,7
121.80,10.0,0.0,0.138,0.694,0.486,-16.03,-13.65,7
121.85,10.0,0.0,0.156,0.691,0.49,-14.4,-13.58,7
121.90,9.86,0.0,0.139,0.674,0.495,-14.4,-13.58,7
121.95,10.11,0.0,0.122,0.666,0.49,-13.56,-13.57,7
122.00,10.03,0.0,0.117,0.642,0.471,-13.56,-13.57,7
122.05,9.88,0.0,0.121,0.576,0.463,-13.53,-13.71,7
122.10,9.82,0.0,0.103,0.511,0.445,-13.53,-13.71,7
122.15,9.84,0.0,0.119,0.496,0.44,-14.57,-13.95,7
122.20,9.76,0.0,0.134,0.485,0.438,-14.57,-13.95,7
122.25,9.81,0.0,0.133,0.478,0.441,-16.32,-14.14,7
122.30,9.73,0.0,0.133,0.471,0.438,-16.32,-14.14,7
122.35,9.68,0.0,0.136,0.461,0.432,-21.11,-14.27,7
122.40,9.54,0.0,0.153,0.46,0.441,-21.11,-14.27,7
122.45,9.85,0.0,0.143,0.469,0.434,-21.26,-14.43,7
122.50,9.62,0.0,0.144,0.611,0.46,-21.26,-14.43,7
122.55,9.94,0.004,0.142,0.678,0.482,-18.08,-14.47,7
122.60,9.81,0.004,0.156,0.646,0.49,-18.08,-14.47,7
122.65,9.7,0.0,0.128,0.577,0.486,-17.49,-14.62,7
122.70,9.75,0.0,0.12,0.67,0.498,-17.49,-14.62,7
122.75,9.83,0.0,0.123,0.676,0.49,-16.58,-14.86,7
122.80,9.73,0.0,0.135,0.604,0.452,-16.58,-14.86,7
122.85,9.86,0.0,0.128,0.604,0.421,-16.24,-15.28,7
122.90,9.99,0.0,0.114,0.604,0.407,-16.24,-15.28,7
122.95,10.02,0.0,0.131,0.609,0.417,-17.57,-15.57,7
123.00,10.32,0.0,0.195,0.652,0.483,-17.57,-15.57,7
123.05,10.38,0.0,0.17,0.668,0.547,-16.21,-15.46,7
123.10,10.15,0.0,0.157,0.656,0.562,-16.21,-15.46,7
123.15,10.01,0.0,0.175,0.681,0.566,-15.4,-15.45,7
123.20,10.31,0.0,0.183,0.698,0.574,-15.4,-15.45,7
123.25,10.39,0.0,0.197,0.71,0.571,-13.89,-15.22,7
123.30,10.28,0.0,0.169,0.694,0.561,-13.89,-15.22,7
123.35,10.55,0.0,0.161,0.679,0.551,-13.27,-15.21,7
123.40,11.03,0.0,0.169,0.688,0.557,-13.27,-15.21,7
123.45,11.0,0.0,0.178,0.7,0.57,-13.06,-15.19,7
123.50,10.55,0.0,0.164,0.695,0.571,-13.06,-15.19,8
123.55,10.57,0.0,0.144,0.689,0.567,-13.12,-15.37,8
123.60,10.11,0.0,0.145,0.687,0.558,-13.12,-15.37,8
123.65,10.07,0.0,0.16,0.69,0.574,-13.58,-15.52,8
123.70,9.63,0.0,0.153,0.699,0.591,-13.58,-15.52,8
123.75,9.83,0.0,0.152,0.709,0.588,-13.33,-15.4,8
123.80,9.57,0.0,0.136,0.715,0.583,-13.33,-15.4,8
123.85,9.54,0.0,0.132,0.713,0.576,-12.54,-15.01,8
123.90,9.44,0.0,0.124,0.715,0.567,-12.54,-15.01,8
123.95,9.35,0.0,0.116,0.712,0.564,-12.16,-14.77,8
124.00,9.29,0.0,0.101,0.706,0.553,-12.16,-14.77,8
124.05,9.42,0.0,0.102,0.694,0.559,-12.2,-14.63,8
124.10,9.18,0.0,0.111,0.689,0.556,-12.2,-14.63,8
124.15,9.3,0.0,0.114,0.703,0.564,-12.3,-14.61,8
124.20,9.16,0.0,0.102,0.699,0.554,-12.3,-14.61,8
124.25,9.2,0.0,0.103,0.682,0.543,-13.35,-14.59,8
124.30,9.1,0.0,0.143,0.667,0.536,-13.35,-14.59,8
124.35,9.07,0.0,0.161,0.667,0.536,-13.93,-14.53,8
124.40,9.06,0.0,0.162,0.661,0.541,-13.93,-14.53,8
124.45,9.17,0.0,0.147,0.659,0.535,-14.14,-14.42,8
124.50,9.15,0.0,0.142,0.685,0.54,-14.14,-14.42,8
124.55,9.27,0.0,0.136,0.713,0.552,-13.88,-14.37,8
124.60,9.2,0.0,0.132,0.712,0.548,-13.88,-14.37,8
124.65,9.34,0.0,0.119,0.702,0.542,-13.56,-14.2,8
124.70,9.41,0.0,0.136,0.704,0.549,-13.56,-14.2,8
124.75,9.4,0.0,0.133,0.729,0.568,-13.04,-14.14,8
124.80,9.63,0.0,0.133,0.728,0.577,-13.04,-14.14,8
124.85,9.68,0.0,0.117,0.712,0.574,-12.4,-14.1,8
124.90,9.55,0.0,0.101,0.707,0.562,-12.4,-14.1,8
124.95,9.73,0.0,0.099,0.692,0.553,-12.39,-14.16,8
125.00,9.65,0.0,0.123,0.685,0.546,-12.39,-14.16,8
125.05,9.64,0.005,0.137,0.698,0.563,-12.39,-14.0,8
125.10,9.69,0.0,0.11,0.7,0.559,-12.39,-14.0,8
125.15,9.64,0.0,0.116,0.708,0.565,-12.34,-13.8,8
125.20,9.6,0.0,0.114,0.709,0.573,-12.34,-13.8,8
125.25,9.66,0.0,0.108,0.713,0.568,-12.35,-13.61,8
125.30,9.42,0.0,0.094,0.707,0.557,-12.35,-13.61,8
125.35,9.52,0.0,0.105,0.719,0.556,-11.92,-13.38,8
125.40,9.42,0.0,0.11,0.712,0.566,-11.92,-13.38,8
125.45,9.11,0.0,0.113,0.708,0.574,-11.43,-13.15,8
125.50,9.26,0.0,0.103,0.691,0.568,-11.43,-13.15,8
125.55,9.01,0.0,0.115,0.688,0.567,-11.31,-13.06,8
125.60,8.93,0.0,0.117,0.685,0.564,-11.31,-13.06,8
125.65,9.03,0.0,0.123,0.69,0.563,-11.49,-12.95,8
125.70,8.88,0.0,0.114,0.687,0.552,-11.49,-12.95,8
125.75,9.05,0.0,0.106,0.681,0.555,-12.06,-12.9,8
125.80,9.01,0.0,0.106,0.697,0.548,-12.06,-12.9,8
125.85,9.12,0.0,0.101,0.728,0.56,-12.16,-12.73,8
125.90,9.03,0.0,0.099,0.726,0.55,-12.16,-12.73,8
125.95,9.05,0.0,0.107,0.72,0.554,-12.08,-12.57,8
126.00,9.09,0.0,0.124,0.724,0.545,-12.08,-12.57,8
126.05,9.12,0.0,0.122,0.73,0.544,-12.0,-12.53,8
126.10,9.04,0.0,0.126,0.723,0.542,-12.0,-12.53,8
126.15,9.11,0.0,0.119,0.71,0.543,-11.78,-12.49,8
126.20,9.08,0.0,0.109,0.693,0.532,-11.78,-12.49,8
126.25,9.13,0.0,0.103,0.686,0.532,-12.18,-12.52,8
126.30,9.05,0.0,0.101,0.683,0.526,-12.18,-12.52,8
126.35,9.21,0.0,0.108,0.664,0.533,-12.58,-12.48,8
126.40,9.02,0.0,0.104,0.667,0.537,-12.58,-12.48,8
126.45,9.29,0.0,0.104,0.709,0.545,-12.49,-12.46,8
126.50,8.94,0.0,0.085,0.723,0.542,-12.49,-12.46,8
126.55,9.27,0.0,0.096,0.734,0.549,-12.2,-12.38,8
126.60,8.95,0.0,0.079,0.747,0.546,-12.2,-12.38,8
126.65,9.17,0.0,0.095,0.748,0.549,-11.86,-12.31,8
126.70,9.1,0.0,0.089,0.756,0.541,-11.86,-12.31,8
126.75,9.06,0.0,0.084,0.749,0.539,-11.62,-12.26,8
126.80,9.12,0.0,0.057,0.738,0.521,-11.62,-12.26,8
126.85,9.24,0.0,0.069,0.732,0.508,-11.74,-12.34,8
126.90,9.05,0.0,0.066,0.718,0.495,-11.74,-12.34,8
126.95,9.2,0.0,0.081,0.713,0.501,-12.14,-12.37,8
127.00,9.07,0.0,0.074,0.711,0.493,-12.14,-12.37,8
127.05,9.04,0.0,0.068,0.709,0.488,-12.56,-12.36,8
127.10,9.01,0.0,0.075,0.708,0.491,-12.56,-12.36,8
127.15,8.97,0.0,0.077,0.717,0.515,-12.76,-12.32,8
127.20,8.88,0.0,0.065,0.718,0.515,-12.76,-12.32,8
127.25,8.98,0.0,0.066,0.72,0.51,-12.82,-12.28,8
127.30,8.76,0.0,0.064,0.721,0.499,-12.82,-12.28,8
127.35,8.91,0.0,0.066,0.725,0.509,-12.63,-12.24,8
127.40,8.88,0.0,0.058,0.711,0.497,-12.63,-12.24,8
127.45,9.02,0.0,0.057,0.696,0.497,-12.78,-12.22,8
127.50,8.81,0.0,0.056,0.677,0.486,-12.78,-12.22,8
127.55,8.81,0.0,0.066,0.712,0.486,-13.16,-12.25,8
127.60,8.85,0.0,0.058,0.715,0.484,-13.16,-12.25,8
127.65,8.81,0.0,0.064,0.7,0.478,-13.44,-12.27,8
127.70,8.75,0.0,0.065,0.685,0.466,-13.44,-12.27,8
127.75,8.79,0.0,0.074,0.683,0.458,-14.2,-12.35,8
127.80,8.81,0.0,0.067,0.659,0.443,-14.2,-12.35,8
127.85,8.99,0.0,0.068,0.598,0.439,-15.06,-12.48,8
127.90,8.9,0.0,0.068,0.576,0.449,-15.06,-12.48,8
127.95,9.06,0.0,0.075,0.58,0.452,-16.26,-12.59,8
128.00,9.06,0.0,0.079,0.563,0.444,-16.26,-12.59,8
128.05,9.42,0.0,0.088,0.553,0.449,-18.04,-12.7,8
128.10,9.17,0.0,0.078,0.533,0.442,-18.04,-12.7,8
128.15,9.41,0.0,0.092,0.605,0.449,-18.59,-12.82,8
128.20,9.16,0.0,0.09,0.703,0.459,-18.59,-12.82,8
128.25,9.34,0.0,0.086,0.712,0.46,-17.03,-12.89,8
128.30,9.19,0.0,0.07,0.682,0.445,-17.03,-12.89,8
128.35,9.13,0.0,0.067,0.674,0.445,-16.11,-13.03,8
128.40,9.12,0.0,0.071,0.708,0.461,-16.11,-13.03,8
128.45,9.34,0.0,0.067,0.711,0.463,-14.85,-13.15,8
128.50,9.11,0.0,0.055,0.708,0.457,-14.85,-13.15,8
128.55,9.27,0.0,0.069,0.705,0.457,-14.41,-13.26,8
128.60,9.17,0.0,0.074,0.695,0.456,-14.41,-13.26,8
128.65,9.16,0.0,0.082,0.669,0.448,-14.55,-13.31,8
128.70,9.15,0.0,0.078,0.678,0.442,-14.55,-13.31,8
128.75,9.24,0.0,0.076,0.691,0.449,-14.11,-13.31,8
128.80,9.27,0.0,0.08,0.704,0.459,-14.11,-13.31,8
128.85,9.36,0.0,0.076,0.705,0.477,-13.65,-13.36,8
128.90,9.07,0.0,0.064,0.706,0.477,-13.65,-13.36,8
128.95,9.32,0.0,0.072,0.703,0.48,-13.39,-13.46,8
129.00,9.03,0.0,0.068,0.704,0.472,-13.39,-13.46,8
129.05,9.15,0.0,0.08,0.704,0.477,-13.07,-13.49,8
129.10,9.14,0.0,0.089,0.697,0.47,-13.07,-13.49,8
129.15,9.27,0.0,0.082,0.663,0.467,-13.32,-13.56,8
129.20,9.15,0.0,0.08,0.638,0.457,-13.32,-13.56,8
129.25,9.3,0.0,0.075,0.679,0.468,-13.85,-13.61,8
129.30,8.99,0.0,0.065,0.709,0.475,-13.85,-13.61,8
129.35,9.14,0.0,0.066,0.702,0.475,-13.81,-13.64,8
129.40,9.11,0.0,0.065,0.688,0.458,-13.81,-13.64,8
129.45,9.2,0.0,0.079,0.673,0.454,-14.14,-13.73,8
129.50,9.45,0.0,0.076,0.663,0.442,-14.14,-13.73,8
129.55,9.45,0.0,0.071,0.627,0.436,-14.59,-13.91,8
129.60,9.41,0.0,0.063,0.597,0.437,-14.59,-13.91,8
129.65,9.62,0.0,0.068,0.578,0.438,-15.48,-14.13,8
129.70,9.65,0.0,0.07,0.574,0.427,-15.48,-14.13,8
129.75,9.65,0.0,0.076,0.565,0.423,-17.2,-14.36,8
129.80,9.73,0.0,0.066,0.542,0.397,-17.2,-14.36,8
129.85,10.07,0.0,0.071,0.577,0.424,-18.43,-14.51,8
129.90,10.21,0.0,0.076,0.676,0.454,-18.43,-14.51,8
129.95,10.39,0.0,0.068,0.693,0.441,-16.87,-14.53,8
130.00,10.07,0.0,0.068,0.688,0.429,-16.87,-14.53,8
130.05,10.92,0.0,0.071,0.673,0.43,-15.85,-14.59,8
130.10,10.16,0.0,0.07,0.697,0.434,-15.85,-14.59,8
130.15,10.99,0.0,0.063,0.701,0.443,-14.36,-14.62,8
130.20,9.91,0.0,0.056,0.713,0.427,-14.36,-14.62,8
130.25,10.55,0.0,0.068,0.704,0.433,-13.79,-14.69,8
130.30,10.06,0.0,0.085,0.708,0.428,-13.79,-14.69,8
130.35,10.04,0.0,0.073,0.678,0.424,-13.74,-14.74,8
130.40,9.99,0.0,0.073,0.691,0.419,-13.74,-14.74,8
130.45,9.99,0.0,0.073,0.69,0.422,-13.42,-14.72,8
130.50,9.89,0.0,0.074,0.702,0.415,-13.42,-14.72,8
130.55,10.14,0.0,0.078,0.695,0.436,-13.16,-14.62,8
130.60,10.16,0.0,0.078,0.704,0.445,-13.16,-14.62,8
130.65,10.23,0.0,0.072,0.702,0.441,-12.49,-14.5,8
130.70,9.95,0.0,0.066,0.71,0.43,-12.49,-14.5,8
130.75,10.06,0.0,0.084,0.708,0.438,-11.75,-14.27,8
130.80,10.08,0.0,0.074,0.704,0.437,-11.75,-14.27,8
130.85,10.15,0.0,0.075,0.686,0.432,-11.56,-14.1,8
130.90,9.95,0.0,0.071,0.656,0.416,-11.56,-14.1,8
130.95,9.96,0.0,0.081,0.649,0.415,-12.04,-14.02,8
131.00,9.95,0.0,0.074,0.69,0.428,-12.04,-14.02,8
131.05,10.0,0.0,0.066,0.703,0.435,-12.16,-13.82,8
131.10,10.07,0.0,0.055,0.693,0.411,-12.16,-13.82,8
131.15,10.21,0.0,0.089,0.677,0.422,-13.11,-13.76,8
131.20,9.99,0.0,0.114,0.663,0.415,-13.11,-13.76,8
131.25,10.22,0.0,0.1,0.654,0.433,-13.89,-13.8,8
131.30,10.08,0.0,0.09,0.65,0.422,-13.89,-13.8,8
131.35,10.58,0.0,0.087,0.685,0.423,-13.83,-13.78,8
131.40,10.08,0.0,0.084,0.708,0.405,-13.83,-13.78,8
131.45,10.71,0.0,0.081,0.715,0.405,-14.12,-13.74,8
131.50,10.55,0.0,0.059,0.707,0.395,-14.12,-13.74,8
131.55,10.17,0.0,0.105,0.7,0.427,-13.83,-13.68,8
131.60,10.3,0.0,0.124,0.72,0.462,-13.83,-13.68,8
131.65,10.19,0.0,0.121,0.717,0.467,-12.33,-13.49,8
131.70,10.14,0.0,0.094,0.708,0.451,-12.33,-13.49,8
131.75,10.13,0.0,0.09,0.692,0.456,-11.57,-13.37,8
131.80,9.96,0.0,0.083,0.686,0.449,-11.57,-13.37,8
131.85,10.04,0.011,0.101,0.691,0.483,-11.41,-13.36,8
131.90,10.35,0.0,0.095,0.701,0.498,-11.41,-13.36,8
131.95,10.07,0.005,0.104,0.69,0.506,-11.48,-13.36,8
132.00,10.12,0.0,0.087,0.702,0.488,-11.48,-13.36,8
132.05,10.22,0.006,0.095,0.703,0.497,-11.85,-13.28,8
132.10,9.87,0.0,0.082,0.706,0.488,-11.85,-13.28,8
132.15,9.7,0.0,0.086,0.697,0.495,-11.93,-13.16,8
132.20,9.76,0.0,0.078,0.703,0.49,-11.93,-13.16,8
132.25,9.72,0.005,0.093,0.704,0.534,-11.16,-12.93,8
132.30,9.76,0.003,0.076,0.699,0.543,-11.16,-12.93,8
132.35,9.74,0.016,0.081,0.688,0.544,-10.23,-12.74,8
132.40,9.85,0.007,0.089,0.684,0.53,-10.23,-12.74,8
132.45,9.85,0.025,0.109,0.672,0.53,-10.22,-12.64,8
132.50,9.69,0.012,0.132,0.664,0.523,-10.22,-12.64,8
132.55,9.74,0.022,0.15,0.654,0.548,-10.39,-12.53,8
132.60,9.67,0.001,0.138,0.644,0.532,-10.39,-12.53,8
132.65,9.83,0.013,0.116,0.65,0.533,-10.81,-12.35,8
132.70,9.62,0.013,0.086,0.674,0.54,-10.81,-12.35,8
132.75,9.58,0.022,0.096,0.666,0.539,-11.1,-12.14,8
132.80,9.66,0.009,0.094,0.662,0.529,-11.1,-12.14,8
132.85,9.83,0.01,0.102,0.664,0.528,-11.03,-12.0,8
132.90,9.5,0.0,0.12,0.668,0.514,-11.03,-12.0,8
132.95,10.06,0.008,0.12,0.647,0.526,-10.86,-11.93,8
133.00,9.7,0.0,0.099,0.64,0.504,-10.86,-11.93,8
133.05,10.15,0.006,0.104,0.631,0.5,-11.08,-11.86,8
133.10,9.87,0.015,0.095,0.628,0.478,-11.08,-11.86,8
133.15,9.93,0.02,0.103,0.625,0.474,-11.65,-11.85,8
133.20,9.9,0.011,0.098,0.636,0.461,-11.65,-11.85,8
133.25,10.24,0.022,0.099,0.649,0.455,-11.98,-11.81,8
133.30,9.82,0.033,0.107,0.674,0.508,-11.98,-11.81,8
133.35,10.2,0.05,0.115,0.686,0.556,-11.62,-11.7,8
133.40,9.63,0.027,0.105,0.691,0.541,-11.62,-11.7,8
133.45,9.86,0.025,0.105,0.682,0.537,-11.3,-11.62,8
133.50,9.56,0.017,0.104,0.696,0.508,-11.3,-11.62,8
133.55,9.93,0.031,0.107,0.716,0.518,-10.73,-11.54,8
133.60,9.65,0.03,0.107,0.719,0.525,-10.73,-11.54,8
133.65,9.92,0.019,0.09,0.706,0.518,-10.36,-11.5,8
133.70,9.48,0.01,0.098,0.688,0.498,-10.36,-11.5,8
133.75,9.83,0.008,0.108,0.678,0.481,-10.76,-11.55,8
133.80,9.42,0.006,0.097,0.667,0.477,-10.76,-11.55,8
133.85,9.76,0.001,0.088,0.673,0.476,-11.11,-11.55,8
133.90,9.57,0.009,0.092,0.673,0.47,-11.11,-11.55,8
133.95,9.39,0.009,0.096,0.676,0.47,-11.42,-11.46,8
134.00,9.54,0.007,0.1,0.684,0.479,-11.42,-11.46,8
134.05,9.58,0.007,0.092,0.687,0.475,-11.68,-11.45,8
134.10,9.16,0.007,0.085,0.689,0.467,-11.68,-11.45,8
134.15,9.48,0.018,0.084,0.686,0.468,-11.77,-11.41,8
134.20,9.3,0.012,0.094,0.682,0.465,-11.77,-11.41,8
134.25,9.32,0.007,0.088,0.67,0.45,-11.73,-11.34,8
134.30,9.34,0.0,0.092,0.65,0.428,-11.73,-11.34,8
134.35,9.41,0.002,0.114,0.645,0.42,-12.7,-11.36,8
134.40,9.26,0.0,0.107,0.677,0.422,-12.7,-11.36,8
134.45,9.28,0.001,0.104,0.685,0.422,-12.81,-11.34,8
134.50,8.94,0.01,0.112,0.683,0.425,-12.81,-11.34,8
134.55,9.2,0.011,0.121,0.668,0.415,-13.04,-11.34,8
134.60,8.97,0.007,0.138,0.652,0.414,-13.04,-11.34,8
134.65,9.18,0.007,0.143,0.611,0.399,-13.93,-11.49,8
134.70,9.12,0.005,0.124,0.581,0.375,-13.93,-11.49,8
134.75,9.04,0.006,0.127,0.526,0.366,-14.25,-11.63,8
134.80,9.0,0.004,0.135,0.514,0.36,-14.25,-11.63,8
134.85,9.2,0.016,0.134,0.497,0.357,-16.31,-11.74,8
134.90,8.88,0.009,0.136,0.496,0.349,-16.31,-11.74,8
134.95,9.14,0.0,0.145,0.48,0.358,-18.65,-11.82,8
135.00,8.93,0.014,0.14,0.581,0.345,-18.65,-11.82,8
135.05,8.9,0.023,0.131,0.695,0.344,-16.76,-11.86,8
135.10,8.82,0.023,0.131,0.733,0.333,-16.76,-11.86,8
135.15,8.78,0.019,0.132,0.725,0.335,-15.31,-11.93,8
135.20,8.59,0.011,0.122,0.73,0.327,-15.31,-11.93,8
135.25,8.68,0.003,0.113,0.74,0.332,-14.0,-12.07,8
135.30,8.62,0.0,0.096,0.744,0.327,-14.0,-12.07,8
135.35,8.63,0.0,0.1,0.734,0.329,-12.98,-12.23,8
135.40,8.65,0.001,0.104,0.737,0.309,-12.98,-12.23,8
135.45,8.65,0.0,0.104,0.74,0.301,-13.24,-12.31,8
135.50,8.48,0.007,0.095,0.737,0.289,-13.24,-12.31,8
135.55,8.64,0.0,0.092,0.738,0.293,-13.38,-12.36,8
135.60,8.63,0.008,0.098,0.741,0.3,-13.38,-12.36,8
135.65,8.61,0.011,0.094,0.743,0.302,-13.19,-12.41,8
135.70,8.51,0.006,0.089,0.745,0.301,-13.19,-12.41,8
135.75,8.64,0.0,0.09,0.75,0.302,-12.88,-12.49,8
135.80,8.63,0.0,0.096,0.755,0.292,-12.88,-12.49,8
135.85,8.72,0.007,0.09,0.75,0.294,-12.79,-12.57,8
135.90,8.88,0.007,0.105,0.741,0.296,-12.79,-12.57,8
135.95,8.77,0.0,0.103,0.722,0.29,-12.45,-12.62,8
136.00,8.51,0.0,0.104,0.689,0.271,-12.45,-12.62,8
136.05,8.67,0.0,0.106,0.67,0.249,-13.22,-12.73,8
136.10,8.29,0.0,0.106,0.707,0.235,-13.22,-12.73,8
136.15,8.41,0.0,0.1,0.74,0.227,-13.32,-12.72,8
136.20,8.34,0.0,0.092,0.732,0.211,-13.32,-12.72,8
136.25,8.33,0.018,0.078,0.717,0.188,-13.44,-12.77,8
136.30,8.1,0.038,0.092,0.676,0.202,-13.44,-12.77,8
136.35,8.29,0.045,0.085,0.687,0.214,-14.71,-13.0,8
136.40,8.03,0.044,0.089,0.739,0.222,-14.71,-13.0,8
136.45,8.23,0.045,0.066,0.773,0.215,-13.35,-13.04,8
136.50,8.14,0.07,0.067,0.75,0.213,-13.35,-13.04,8
136.55,8.27,0.066,0.061,0.696,0.204,-14.25,-13.26,8
136.60,8.14,0.053,0.069,0.697,0.187,-14.25,-13.26,8
136.65,8.28,0.04,0.065,0.694,0.171,-14.51,-13.44,8
136.70,8.14,0.045,0.061,0.683,0.167,-14.51,-13.44,8
136.75,8.41,0.055,0.049,0.713,0.18,-13.58,-13.49,8
136.80,8.12,0.073,0.054,0.739,0.178,-13.58,-13.49,8
136.85,8.27,0.069,0.067,0.741,0.162,-13.23,-13.41,8
136.90,7.82,0.077,0.059,0.709,0.162,-13.23,-13.41,8
136.95,7.85,0.07,0.056,0.635,0.148,-13.5,-13.62,8
137.00,7.94,0.067,0.063,0.596,0.142,-13.5,-13.62,8
137.05,8.17,0.051,0.092,0.582,0.139,-14.19,-13.83,8
137.10,9.78,0.041,0.154,0.575,0.141,-14.19,-13.83,8
137.15,14.62,0.347,0.765,0.559,0.142,-11.77,-13.49,8
137.20,17.72,0.586,0.795,0.525,0.144,-11.77,-13.49,9
137.25,18.26,0.683,0.838,0.494,0.144,-8.44,-12.54,9
137.30,18.45,0.709,0.75,0.424,0.144,-8.44,-12.54,9
137.35,18.17,0.732,0.665,0.366,0.141,-7.32,-12.14,9
137.40,18.03,0.734,0.615,0.324,0.141,-7.32,-12.14,9
137.45,18.29,0.746,0.572,0.297,0.118,-6.8,-12.06,9
137.50,17.75,0.729,0.524,0.241,0.129,-6.8,-12.06,9
137.55,18.04,0.686,0.486,0.247,0.106,-7.37,-12.04,9
137.60,17.91,0.598,0.494,0.533,0.105,-7.37,-12.04,9
137.65,18.01,0.479,0.438,0.651,0.071,-9.92,-11.94,9
137.70,17.72,0.375,0.31,0.621,0.034,-9.92,-11.94,9
137.75,17.79,0.235,0.232,0.497,0.0,-12.38,-11.95,9
137.80,17.49,0.083,0.239,0.335,0.0,-12.38,-11.95,9
137.85,17.85,0.014,0.191,0.139,0.0,-14.83,-11.97,9
137.90,17.67,0.0,0.0,0.0,0.0,-14.83,-11.97,9
137.95,17.86,0.036,0.0,0.0,0.0,-17.27,-11.99,9
138.00,17.84,0.517,0.05,0.0,0.0,-17.27,-11.99,9
138.05,17.62,0.79,0.135,0.0,0.076,-14.28,-11.8,9
138.10,17.76,0.811,0.12,0.0,0.056,-14.28,-11.8,9
138.15,17.89,0.83,0.0,0.0,0.013,-11.45,-11.59,9
138.20,17.64,0.854,0.016,0.0,0.0,-11.45,-11.59,9
138.25,17.7,0.872,0.015,0.0,0.0,-9.27,-11.31,9
138.30,17.42,0.861,0.012,0.0,0.0,-9.27,-11.31,9
138.35,17.54,0.86,0.174,0.0,0.0,-7.81,-11.05,9
138.40,17.62,0.862,0.198,0.0,0.0,-7.81,-11.05,9
138.45,17.64,0.838,0.141,0.014,0.0,-7.88,-10.89,9
138.50,17.72,0.834,0.111,0.013,0.0,-7.88,-10.89,9
138.55,17.81,0.824,0.088,0.006,0.0,-7.85,-10.7,9
138.60,17.77,0.829,0.04,0.0,0.0,-7.85,-10.7,9
138.65,17.81,0.831,0.17,0.0,0.0,-8.11,-10.55,9
138.70,17.96,0.827,0.257,0.0,0.0,-8.11,-10.55,9
138.75,17.69,0.82,0.236,0.0,0.0,-8.49,-10.43,9
138.80,17.76,0.792,0.177,0.0,0.0,-8.49,-10.43,9
138.85,18.06,0.698,0.354,0.328,0.015,-9.16,-10.43,9
138.90,17.71,0.47,0.354,0.678,0.103,-9.16,-10.43,9
138.95,17.97,0.186,0.267,0.746,0.075,-9.33,-10.31,9
139.00,17.77,0.079,0.245,0.671,0.059,-9.33,-10.31,9
139.05,17.63,0.063,0.224,0.658,0.025,-10.71,-10.31,9
139.10,17.53,0.065,0.235,0.659,0.024,-10.71,-10.31,9
139.15,17.83,0.057,0.196,0.649,0.0,-11.44,-10.27,9
139.20,17.66,0.046,0.187,0.639,0.0,-11.44,-10.27,9
139.25,17.87,0.052,0.206,0.609,0.005,-12.06,-10.32,9
139.30,17.65,0.488,0.806,0.499,0.026,-12.06,-10.32,9
139.35,17.93,0.657,0.869,0.412,0.022,-9.15,-9.79,9
139.40,17.66,0.738,0.864,0.35,0.032,-9.15,-9.79,9
139.45,17.74,0.779,0.793,0.254,0.057,-7.23,-9.5,9
139.50,17.59,0.803,0.666,0.145,0.051,-7.23,-9.5,9
139.55,17.76,0.809,0.577,0.063,0.044,-7.07,-9.39,9
139.60,17.88,0.792,0.379,0.0,0.0,-7.07,-9.39,9
139.65,17.93,0.795,0.31,0.0,0.01,-6.59,-9.3,9
139.70,17.89,0.791,0.297,0.0,0.0,-6.59,-9.3,9
139.75,18.12,0.805,0.695,0.021,0.087,-7.0,-9.01,9
139.80,17.91,0.813,0.687,0.018,0.088,-7.0,-9.01,9
139.85,18.09,0.809,0.458,0.019,0.065,-7.99,-8.96,9
139.90,17.86,0.791,0.388,0.003,0.061,-7.99,-8.96,9
139.95,17.84,0.79,0.633,0.002,0.03,-7.81,-8.82,9
140.00,17.88,0.778,0.602,0.095,0.025,-7.81,-8.82,9
140.05,17.75,0.811,0.49,0.413,0.075,-7.43,-8.65,9
140.10,17.75,0.812,0.439,0.543,0.067,-7.43,-8.65,9
140.15,17.84,0.806,0.588,0.513,0.059,-7.97,-8.6,9
140.20,17.62,0.794,0.583,0.52,0.049,-7.97,-8.6,9
140.25,17.75,0.791,0.512,0.456,0.042,-7.83,-8.86,9
140.30,17.59,0.807,0.47,0.36,0.029,-7.83,-8.86,9
140.35,17.5,0.814,0.467,0.27,0.005,-7.72,-8.89,9
140.40,17.42,0.828,0.476,0.168,0.0,-7.72,-8.89,9
140.45,17.49,0.804,0.377,0.079,0.0,-7.67,-8.81,9
140.50,17.44,0.806,0.388,0.021,0.0,-7.67,-8.81,9
140.55,17.5,0.816,0.335,0.0,0.0,-8.18,-8.73,9
140.60,17.4,0.803,0.853,0.0,0.0,-8.18,-8.73,9
140.65,17.49,0.772,0.869,0.0,0.0,-6.72,-8.39,9
140.70,17.69,0.796,0.821,0.0,0.0,-6.72,-8.39,9
140.75,17.86,0.796,0.705,0.0,0.0,-6.87,-8.27,9
140.80,17.71,0.83,0.632,0.0,0.017,-6.87,-8.27,9
140.85,17.84,0.844,0.591,0.005,0.02,-6.65,-8.07,9
140.90,17.57,0.846,0.426,0.002,0.041,-6.65,-8.07,9
140.95,17.64,0.851,0.422,0.035,0.058,-6.14,-7.86,9
141.00,17.47,0.847,0.743,0.159,0.091,-6.14,-7.86,9
141.05,17.52,0.836,0.676,0.232,0.087,-6.93,-7.78,9
141.10,17.6,0.82,0.633,0.258,0.077,-6.93,-7.78,9
141.15,17.61,0.813,0.549,0.227,0.056,-6.77,-7.77,9
141.20,17.72,0.797,0.492,0.159,0.019,-6.77,-7.77,9
141.25,17.71,0.8,0.614,0.062,0.005,-7.17,-7.81,9
141.30,17.61,0.78,0.557,0.0,0.0,-7.17,-7.81,9
141.35,17.58,0.782,0.461,0.0,0.0,-8.01,-7.88,9
141.40,17.6,0.79,0.282,0.0,0.0,-8.01,-7.88,9
141.45,17.59,0.805,0.798,0.021,0.07,-7.63,-7.74,9
141.50,17.67,0.796,0.812,0.038,0.072,-7.63,-7.74,9
141.55,17.95,0.8,0.504,0.053,0.043,-7.85,-7.77,9
141.60,17.85,0.792,0.401,0.072,0.047,-7.85,-7.77,9
141.65,17.9,0.787,0.61,0.08,0.019,-7.87,-7.78,9
141.70,17.64,0.795,0.635,0.167,0.027,-7.87,-7.78,9
141.75,17.88,0.775,0.486,0.447,0.055,-7.56,-7.76,9
141.80,17.43,0.803,0.351,0.608,0.079,-7.56,-7.76,9
141.85,17.75,0.81,0.425,0.633,0.067,-8.23,-7.65,9
141.90,17.33,0.818,0.496,0.624,0.065,-8.23,-7.65,9
141.95,17.56,0.793,0.453,0.603,0.063,-7.89,-7.61,9
142.00,17.45,0.786,0.332,0.619,0.065,-7.89,-7.61,9
142.05,17.71,0.782,0.464,0.695,0.079,-7.65,-7.49,9
142.10,17.54,0.766,0.836,0.699,0.092,-7.65,-7.49,9
142.15,17.66,0.749,0.836,0.692,0.09,-6.14,-7.21,9
142.20,17.6,0.755,0.78,0.692,0.08,-6.14,-7.21,9
142.25,17.75,0.76,0.667,0.694,0.096,-6.25,-7.09,9
142.30,17.85,0.754,0.578,0.681,0.085,-6.25,-7.09,9
142.35,17.93,0.711,0.478,0.72,0.097,-6.31,-7.25,9
142.40,17.76,0.571,0.406,0.73,0.097,-6.31,-7.25,9
142.45,17.95,0.419,0.381,0.727,0.103,-6.66,-7.4,9
142.50,17.81,0.236,0.7,0.739,0.096,-6.66,-7.4,9
142.55,17.98,0.082,0.688,0.727,0.095,-8.19,-7.35,9
142.60,17.91,0.057,0.548,0.752,0.083,-8.19,-7.35,9
142.65,17.99,0.052,0.456,0.733,0.095,-8.77,-7.36,9
142.70,17.94,0.06,0.701,0.745,0.085,-8.77,-7.36,9
142.75,18.04,0.083,0.865,0.731,0.104,-7.84,-7.36,9
142.80,17.98,0.053,0.886,0.771,0.11,-7.84,-7.36,9
142.85,18.22,0.04,0.819,0.743,0.11,-7.04,-7.28,9
142.90,17.82,0.042,0.663,0.754,0.103,-7.04,-7.28,9
142.95,17.91,0.009,0.579,0.706,0.116,-7.47,-7.3,9
143.00,17.67,0.0,0.536,0.743,0.119,-7.47,-7.3,9
143.05,17.58,0.0,0.407,0.728,0.123,-7.52,-7.37,9
143.10,17.81,0.0,0.379,0.749,0.141,-7.52,-7.37,9
143.15,18.03,0.349,0.706,0.713,0.142,-7.67,-7.32,9
143.20,17.94,0.679,0.685,0.686,0.154,-7.67,-7.32,9
143.25,18.17,0.713,0.553,0.686,0.156,-8.09,-7.31,9
143.30,18.11,0.678,0.454,0.702,0.156,-8.09,-7.31,9
143.35,18.11,0.661,0.634,0.675,0.151,-7.06,-7.22,9
143.40,18.05,0.642,0.677,0.662,0.135,-7.06,-7.22,9
143.45,18.14,0.658,0.516,0.676,0.128,-6.15,-7.15,9
143.50,18.0,0.663,0.398,0.679,0.125,-6.15,-7.15,9
143.55,18.33,0.672,0.413,0.682,0.143,-6.16,-7.05,9
143.60,18.01,0.658,0.614,0.638,0.141,-6.16,-7.05,9
143.65,18.34,0.658,0.632,0.648,0.158,-5.69,-7.14,9
143.70,18.06,0.655,0.521,0.581,0.147,-5.69,-7.14,9
143.75,18.23,0.652,0.407,0.624,0.147,-5.78,-7.04,9
143.80,18.07,0.654,0.62,0.536,0.142,-5.78,-7.04,9
143.85,18.12,0.655,0.608,0.563,0.126,-5.77,-7.0,9
143.90,17.94,0.659,0.487,0.487,0.116,-5.77,-7.0,9
143.95,18.25,0.675,0.474,0.516,0.125,-5.7,-6.97,9
144.00,17.67,0.653,0.808,0.439,0.133,-5.7,-6.97,9
144.05,18.16,0.659,0.865,0.456,0.128,-5.21,-6.85,9
144.10,18.04,0.69,0.834,0.415,0.12,-5.21,-6.85,9
144.15,18.65,0.721,0.762,0.406,0.122,-5.18,-6.78,9
144.20,18.41,0.741,0.666,0.339,0.113,-5.18,-6.78,9
144.25,18.52,0.757,0.685,0.307,0.108,-5.54,-6.76,9
144.30,18.18,0.753,0.612,0.247,0.098,-5.54,-6.76,9
144.35,18.25,0.748,0.559,0.257,0.108,-6.34,-6.76,9
144.40,18.36,0.721,0.497,0.33,0.099,-6.34,-6.76,9
144.45,18.21,0.65,0.69,0.516,0.1,-8.25,-6.92,9
144.50,18.15,0.553,0.709,0.539,0.086,-8.25,-6.92,9
144.55,18.28,0.456,0.653,0.497,0.075,-10.06,-6.97,9
144.60,18.15,0.304,0.601,0.403,0.047,-10.06,-6.97,9
144.65,18.23,0.122,0.62,0.306,0.002,-11.93,-7.04,9
144.70,18.11,0.035,0.616,0.208,0.008,-11.93,-7.04,9
144.75,18.36,0.006,0.428,0.116,0.0,-13.72,-7.15,9
144.80,18.04,0.005,0.484,0.15,0.027,-13.72,-7.15,9
144.85,18.32,0.25,0.687,0.145,0.043,-11.67,-7.16,9
144.90,17.99,0.728,0.775,0.147,0.071,-11.67,-7.16,9
144.95,18.34,0.772,0.758,0.109,0.059,-9.81,-7.14,9
145.00,18.01,0.804,0.618,0.085,0.06,-9.81,-7.14,9
145.05,18.34,0.838,0.451,0.083,0.025,-8.66,-7.14,9
145.10,18.07,0.836,0.664,0.078,0.034,-8.66,-7.14,9
145.15,18.36,0.831,0.625,0.116,0.047,-7.29,-7.32,9
145.20,18.09,0.843,0.527,0.16,0.069,-7.29,-7.32,9
145.25,18.32,0.83,0.516,0.155,0.052,-7.08,-7.28,9
145.30,18.21,0.824,0.699,0.148,0.044,-7.08,-7.28,9
145.35,18.33,0.813,0.722,0.147,0.049,-7.17,-7.26,9
145.40,18.18,0.829,0.702,0.124,0.038,-7.17,-7.26,9
145.45,18.3,0.82,0.62,0.129,0.031,-7.16,-7.21,9
145.50,18.09,0.813,0.754,0.13,0.062,-7.16,-7.21,9
145.55,18.3,0.774,0.846,0.116,0.051,-6.5,-7.1,9
145.60,18.1,0.754,0.847,0.099,0.029,-6.5,-7.1,9
145.65,18.34,0.751,0.783,0.077,0.047,-6.72,-7.04,9
145.70,18.01,0.718,0.612,0.053,0.03,-6.72,-7.04,9
145.75,18.17,0.768,0.686,0.036,0.041,-7.07,-7.17,9
145.80,17.96,0.788,0.616,0.029,0.03,-7.07,-7.17,9
145.85,18.08,0.771,0.501,0.042,0.026,-7.43,-7.27,9
145.90,17.91,0.76,0.468,0.042,0.036,-7.43,-7.27,9
145.95,17.98,0.724,0.344,0.032,0.037,-9.66,-7.32,9
146.00,18.0,0.705,0.233,0.006,0.033,-9.66,-7.32,9
146.05,18.02,0.689,0.212,0.0,0.006,-11.55,-7.37,9
146.10,18.1,0.671,0.178,0.016,0.018,-11.55,-7.37,9
146.15,18.2,0.649,0.799,0.025,0.059,-11.0,-7.45,9
146.20,18.03,0.703,0.849,0.029,0.043,-11.0,-7.45,9
146.25,18.04,0.75,0.872,0.028,0.042,-7.76,-7.23,9
146.30,17.97,0.777,0.821,0.022,0.049,-7.76,-7.23,9
146.35,18.15,0.791,0.692,0.016,0.052,-7.36,-7.36,9
146.40,17.92,0.797,0.616,0.002,0.047,-7.36,-7.36,9
146.45,18.17,0.79,0.504,0.0,0.007,-6.86,-7.48,9
146.50,17.98,0.795,0.469,0.0,0.013,-6.86,-7.48,9
146.55,18.05,0.79,0.317,0.0,0.0,-7.04,-7.6,9
146.60,17.87,0.807,0.797,0.002,0.073,-7.04,-7.6,9
146.65,18.04,0.8,0.777,0.002,0.092,-8.08,-7.59,9
146.70,18.12,0.816,0.522,0.008,0.078,-8.08,-7.59,9
146.75,18.03,0.795,0.442,0.003,0.075,-8.01,-7.71,9
146.80,18.17,0.796,0.636,0.005,0.063,-8.01,-7.71,9
146.85,18.19,0.792,0.671,0.009,0.059,-7.81,-7.82,9
146.90,17.98,0.809,0.629,0.056,0.083,-7.81,-7.82,9
146.95,18.29,0.814,0.622,0.073,0.093,-7.38,-7.9,9
147.00,18.17,0.784,0.808,0.057,0.068,-7.38,-7.9,9
147.05,17.97,0.732,0.883,0.057,0.057,-7.07,-7.96,9
147.10,17.74,0.7,0.872,0.044,0.04,-7.07,-7.96,9
147.15,17.77,0.679,0.825,0.026,0.034,-6.62,-8.01,9
147.20,17.71,0.749,0.719,0.031,0.035,-6.62,-8.01,9
147.25,17.69,0.83,0.627,0.013,0.047,-6.36,-7.99,9
147.30,17.67,0.811,0.503,0.0,0.017,-6.36,-7.99,9
147.35,17.69,0.812,0.44,0.0,0.028,-6.6,-7.95,9
147.40,17.7,0.824,0.32,0.0,0.001,-6.6,-7.95,9
147.45,17.72,0.81,0.866,0.0,0.016,-6.99,-7.78,9
147.50,17.63,0.769,0.883,0.0,0.0,-6.99,-7.78,9
147.55,17.71,0.779,0.85,0.0,0.0,-6.68,-7.6,9
147.60,17.73,0.783,0.735,0.0,0.0,-6.68,-7.6,9
147.65,17.7,0.819,0.707,0.0,0.043,-6.81,-7.49,9
147.70,17.66,0.827,0.665,0.0,0.032,-6.81,-7.49,9
147.75,17.77,0.826,0.489,0.0,0.031,-6.49,-7.33,9
147.80,17.57,0.838,0.482,0.001,0.047,-6.49,-7.33,9
147.85,17.68,0.832,0.651,0.029,0.044,-6.57,-7.28,9
147.90,17.59,0.828,0.737,0.066,0.061,-6.57,-7.28,9
147.95,17.67,0.808,0.694,0.07,0.061,-6.83,-7.27,9
148.00,17.45,0.814,0.648,0.055,0.043,-6.83,-7.27,9
148.05,17.43,0.802,0.54,0.023,0.031,-7.07,-7.3,9
148.10,17.31,0.8,0.603,0.011,0.031,-7.07,-7.3,9
148.15,17.67,0.788,0.59,0.0,0.009,-7.49,-7.36,9
148.20,17.33,0.789,0.499,0.0,0.0,-7.49,-7.36,9
148.25,17.33,0.794,0.422,0.0,0.0,-8.48,-7.45,9
148.30,17.41,0.812,0.809,0.0,0.111,-8.48,-7.45,9
148.35,17.46,0.8,0.83,0.0,0.125,-7.8,-7.35,9
148.40,17.53,0.804,0.613,0.0,0.085,-7.8,-7.35,9
148.45,17.46,0.796,0.552,0.005,0.094,-7.88,-7.39,9
148.50,17.31,0.802,0.582,0.0,0.057,-7.88,-7.39,9
148.55,17.42,0.791,0.66,0.0,0.069,-7.86,-7.55,9
148.60,17.42,0.783,0.476,0.122,0.077,-7.86,-7.55,9
148.65,17.47,0.802,0.45,0.447,0.159,-7.32,-7.54,9
148.70,17.38,0.808,0.417,0.511,0.157,-7.32,-7.54,9
148.75,17.77,0.822,0.537,0.524,0.162,-8.06,-7.48,9
148.80,17.58,0.793,0.544,0.547,0.15,-8.06,-7.48,9
148.85,17.66,0.775,0.434,0.583,0.148,-7.81,-7.44,9
148.90,17.55,0.775,0.41,0.65,0.167,-7.81,-7.44,9
148.95,17.47,0.773,0.836,0.651,0.174,-6.82,-7.24,9
149.00,17.69,0.737,0.855,0.646,0.168,-6.82,-7.24,9
149.05,17.67,0.763,0.814,0.646,0.166,-6.25,-7.02,9
149.10,17.63,0.764,0.697,0.643,0.189,-6.25,-7.02,9
149.15,17.48,0.77,0.581,0.644,0.19,-6.32,-7.01,9
149.20,17.67,0.729,0.51,0.662,0.194,-6.32,-7.01,9
149.25,17.56,0.622,0.461,0.689,0.199,-6.42,-7.25,9
149.30,17.53,0.425,0.455,0.681,0.198,-6.42,-7.25,9
149.35,17.48,0.209,0.489,0.716,0.203,-7.52,-7.26,9
149.40,17.44,0.1,0.479,0.67,0.21,-7.52,-7.26,9
149.45,17.24,0.064,0.417,0.699,0.197,-8.99,-7.26,9
149.50,17.34,0.057,0.442,0.671,0.221,-8.99,-7.26,9
149.55,17.37,0.039,0.518,0.686,0.203,-9.84,-7.29,9
149.60,17.39,0.093,0.835,0.648,0.21,-9.84,-7.29,9
149.65,17.34,0.086,0.864,0.687,0.207,-7.52,-7.19,9
149.70,17.27,0.068,0.822,0.663,0.197,-7.52,-7.19,9
149.75,17.26,0.034,0.666,0.675,0.203,-6.9,-7.12,9
149.80,17.23,0.018,0.563,0.634,0.198,-6.9,-7.12,9
149.85,17.17,0.011,0.534,0.663,0.203,-7.0,-7.16,9
149.90,17.09,0.007,0.469,0.674,0.209,-7.0,-7.16,9
149.95,17.22,0.0,0.406,0.681,0.214,-6.96,-7.23,9
150.00,17.26,0.257,0.64,0.656,0.202,-6.96,-7.23,9
150.05,17.19,0.683,0.666,0.634,0.21,-7.78,-7.28,9
150.10,17.19,0.727,0.607,0.631,0.217,-7.78,-7.28,9
150.15,17.1,0.715,0.518,0.639,0.234,-7.73,-7.27,9
150.20,17.2,0.691,0.537,0.646,0.225,-7.73,-7.27,9
150.25,16.99,0.671,0.609,0.616,0.217,-6.47,-7.18,9
150.30,17.11,0.675,0.533,0.641,0.23,-6.47,-7.18,9
150.35,17.07,0.674,0.512,0.612,0.224,-5.58,-7.06,9
150.40,17.02,0.679,0.509,0.645,0.223,-5.58,-7.06,9
150.45,16.94,0.68,0.638,0.6,0.212,-5.47,-7.03,9
150.50,17.06,0.687,0.643,0.625,0.223,-5.47,-7.03,9
150.55,16.83,0.691,0.57,0.554,0.226,-5.31,-7.03,9
150.60,16.87,0.704,0.467,0.579,0.219,-5.31,-7.03,9
150.65,16.59,0.688,0.63,0.5,0.214,-5.63,-6.98,9
150.70,16.55,0.688,0.628,0.523,0.203,-5.63,-6.98,9
150.75,16.07,0.69,0.527,0.458,0.207,-6.05,-6.99,9
150.80,16.99,0.713,0.484,0.483,0.211,-6.05,-6.99,9
150.85,16.03,0.695,0.624,0.432,0.223,-6.35,-6.99,9
150.90,16.09,0.701,0.828,0.45,0.23,-6.35,-6.99,10
150.95,16.08,0.752,0.804,0.405,0.217,-5.62,-6.84,10
151.00,17.07,0.797,0.766,0.417,0.209,-5.62,-6.84,10
151.05,16.83,0.818,0.677,0.36,0.2,-5.41,-6.73,10
151.10,16.8,0.843,0.632,0.348,0.203,-5.41,-6.73,10
151.15,17.23,0.836,0.553,0.314,0.202,-5.35,-6.67,10
151.20,17.14,0.827,0.478,0.315,0.198,-5.35,-6.67,10
151.25,17.37,0.808,0.439,0.296,0.192,-5.86,-6.67,10
151.30,17.41,0.762,0.832,0.281,0.183,-5.86,-6.67,10
151.35,17.59,0.713,0.869,0.254,0.16,-6.06,-6.61,10
151.40,17.46,0.739,0.855,0.235,0.17,-6.06,-6.61,10
151.45,17.46,0.757,0.781,0.194,0.18,-6.12,-6.51,10
151.50,17.48,0.765,0.73,0.194,0.181,-6.12,-6.51,10
151.55,17.52,0.76,0.693,0.173,0.182,-6.53,-6.52,10
151.60,17.56,0.76,0.599,0.156,0.173,-6.53,-6.52,10
151.65,17.6,0.75,0.573,0.138,0.177,-6.68,-6.59,10
151.70,17.65,0.712,0.623,0.099,0.133,-6.68,-6.59,10
151.75,17.74,0.717,0.783,0.09,0.159,-7.2,-6.52,10
151.80,17.82,0.776,0.725,0.08,0.145,-7.2,-6.52,10
151.85,17.69,0.803,0.516,0.08,0.153,-7.89,-6.52,10
151.90,17.76,0.823,0.438,0.08,0.13,-7.89,-6.52,10
151.95,17.91,0.834,0.645,0.088,0.138,-7.38,-6.58,10
152.00,17.8,0.821,0.657,0.142,0.143,-7.38,-6.58,10
152.05,17.84,0.836,0.528,0.209,0.152,-6.71,-6.65,10
152.10,17.94,0.828,0.471,0.228,0.169,-6.71,-6.65,10
152.15,18.06,0.82,0.585,0.19,0.156,-7.26,-6.64,10
152.20,18.04,0.83,0.593,0.186,0.15,-7.26,-6.64,10
152.25,17.98,0.824,0.575,0.158,0.141,-7.06,-6.6,10
152.30,17.91,0.814,0.533,0.126,0.13,-7.06,-6.6,10
152.35,17.84,0.821,0.693,0.117,0.114,-6.99,-6.52,10
152.40,17.98,0.779,0.766,0.098,0.109,-6.99,-6.52,10
152.45,17.78,0.747,0.765,0.078,0.091,-6.46,-6.39,10
152.50,17.8,0.724,0.658,0.057,0.095,-6.46,-6.39,10
152.55,17.81,0.713,0.492,0.045,0.096,-7.15,-6.41,10
152.60,17.47,0.751,0.52,0.024,0.142,-7.15,-6.41,10
152.65,17.46,0.755,0.458,0.031,0.125,-7.35,-6.58,10
152.70,17.67,0.726,0.403,0.051,0.13,-7.35,-6.58,10
152.75,17.38,0.727,0.415,0.062,0.169,-8.24,-6.67,10
152.80,17.29,0.721,0.44,0.074,0.206,-8.24,-6.67,10
152.85,17.5,0.7,0.423,0.152,0.263,-10.77,-6.69,10
152.90,17.42,0.672,0.421,0.197,0.389,-10.77,-6.69,10
152.95,17.57,0.663,0.432,0.191,0.497,-10.71,-6.72,10
153.00,17.43,0.658,0.768,0.195,0.532,-10.71,-6.72,10
153.05,17.53,0.707,0.837,0.167,0.522,-8.9,-6.68,10
153.10,17.47,0.747,0.864,0.131,0.568,-8.9,-6.68,10
153.15,17.53,0.797,0.794,0.09,0.597,-7.28,-6.62,10
153.20,17.36,0.803,0.719,0.07,0.598,-7.28,-6.62,10
153.25,17.65,0.793,0.649,0.056,0.604,-6.66,-6.72,10
153.30,17.62,0.814,0.65,0.068,0.588,-6.66,-6.72,10
153.35,17.66,0.802,0.613,0.061,0.588,-6.16,-6.81,10
153.40,17.55,0.809,0.616,0.066,0.559,-6.16,-6.81,10
153.45,17.82,0.8,0.759,0.069,0.569,-6.38,-6.83,10
153.50,17.52,0.806,0.802,0.062,0.575,-6.38,-6.83,10
153.55,17.51,0.807,0.649,0.076,0.588,-7.05,-6.88,10
153.60,17.49,0.808,0.611,0.067,0.576,-7.05,-6.88,10
153.65,17.62,0.799,0.684,0.075,0.553,-6.96,-6.92,10
153.70,17.62,0.801,0.676,0.064,0.538,-6.96,-6.92,10
153.75,17.9,0.799,0.604,0.07,0.513,-6.93,-6.94,10
153.80,17.58,0.811,0.565,0.091,0.569,-6.93,-6.94,10
153.85,17.68,0.813,0.681,0.094,0.591,-7.29,-6.96,10
153.90,17.48,0.801,0.734,0.077,0.572,-7.29,-6.96,10
153.95,17.51,0.813,0.694,0.086,0.561,-7.2,-7.13,10
154.00,17.67,0.799,0.718,0.075,0.555,-7.2,-7.13,10
154.05,17.49,0.819,0.616,0.073,0.54,-7.36,-7.23,10
154.10,17.56,0.824,0.651,0.071,0.559,-7.36,-7.23,10
154.15,17.5,0.819,0.645,0.076,0.54,-6.99,-7.21,10
154.20,17.55,0.809,0.575,0.075,0.547,-6.99,-7.21,10
154.25,17.43,0.818,0.538,0.069,0.537,-7.26,-7.17,10
154.30,17.61,0.806,0.847,0.072,0.516,-7.26,-7.17,10
154.35,17.56,0.75,0.864,0.064,0.485,-6.43,-7.19,10
154.40,17.58,0.759,0.857,0.063,0.503,-6.43,-7.19,10
154.45,17.78,0.784,0.776,0.065,0.517,-6.01,-7.21,10
154.50,17.81,0.794,0.697,0.074,0.527,-6.01,-7.21,10
154.55,17.99,0.802,0.607,0.094,0.61,-5.94,-7.11,10
154.60,17.94,0.823,0.46,0.099,0.652,-5.94,-7.11,10
154.65,18.0,0.841,0.412,0.092,0.646,-5.42,-6.95,10
154.70,17.92,0.844,0.619,0.103,0.625,-5.42,-6.95,10
154.75,17.92,0.822,0.707,0.107,0.618,-5.7,-6.96,10
154.80,17.99,0.805,0.611,0.109,0.61,-5.7,-6.96,10
154.85,17.83,0.817,0.542,0.103,0.6,-5.81,-6.92,10
154.90,17.8,0.799,0.508,0.091,0.573,-5.81,-6.92,10
154.95,17.75,0.797,0.647,0.093,0.589,-6.19,-6.94,10
155.00,17.8,0.791,0.662,0.072,0.575,-6.19,-6.94,10
155.05,17.64,0.79,0.547,0.075,0.555,-6.85,-6.97,10
155.10,17.99,0.793,0.549,0.077,0.553,-6.85,-6.97,10
155.15,17.69,0.789,0.783,0.068,0.559,-6.86,-6.91,10
155.20,17.8,0.791,0.787,0.066,0.57,-6.86,-6.91,10
155.25,17.65,0.805,0.662,0.061,0.547,-7.05,-6.91,10
155.30,17.96,0.804,0.642,0.067,0.559,-7.05,-6.91,10
155.35,17.68,0.805,0.628,0.064,0.537,-7.06,-6.95,10
155.40,17.63,0.8,0.69,0.07,0.541,-7.06,-6.95,10
155.45,17.79,0.795,0.583,0.089,0.531,-6.96,-7.05,10
155.50,17.73,0.812,0.585,0.158,0.543,-6.96,-7.05,10
155.55,17.74,0.805,0.568,0.211,0.541,-7.33,-6.93,10
155.60,17.96,0.812,0.692,0.217,0.57,-7.33,-6.93,10
155.65,17.76,0.802,0.742,0.248,0.549,-7.06,-6.88,10
155.70,17.7,0.795,0.733,0.305,0.531,-7.06,-6.88,10
155.75,17.94,0.788,0.67,0.385,0.536,-6.95,-6.81,10
155.80,17.55,0.793,0.84,0.393,0.535,-6.95,-6.81,10
155.85,17.6,0.758,0.888,0.4,0.513,-5.87,-6.56,10
155.90,17.75,0.774,0.869,0.412,0.513,-5.87,-6.56,10
155.95,17.53,0.789,0.796,0.44,0.521,-5.54,-6.41,10
156.00,17.77,0.806,0.721,0.439,0.521,-5.54,-6.41,10
156.05,17.79,0.771,0.7,0.432,0.524,-5.51,-6.47,10
156.10,17.56,0.686,0.731,0.456,0.513,-5.51,-6.47,10
156.15,17.51,0.477,0.786,0.429,0.503,-5.48,-6.55,10
156.20,17.7,0.156,0.735,0.458,0.498,-5.48,-6.55,10
156.25,17.6,0.07,0.779,0.439,0.509,-6.42,-6.53,10
156.30,17.64,0.056,0.729,0.469,0.497,-6.42,-6.53,10
156.35,17.66,0.062,0.713,0.449,0.499,-7.13,-6.53,10
156.40,17.82,0.032,0.714,0.464,0.493,-7.13,-6.53,10
156.45,17.65,0.065,0.85,0.423,0.492,-7.02,-6.55,10
156.50,17.61,0.048,0.9,0.424,0.492,-7.02,-6.55,10
156.55,17.5,0.044,0.856,0.421,0.493,-6.44,-6.47,10
156.60,17.69,0.038,0.749,0.426,0.505,-6.44,-6.47,10
156.65,17.44,0.037,0.712,0.398,0.48,-6.74,-6.5,10
156.70,17.55,0.025,0.711,0.392,0.468,-6.74,-6.5,10
156.75,17.46,0.017,0.614,0.398,0.468,-7.03,-6.54,10
156.80,17.72,0.0,0.579,0.41,0.483,-7.03,-6.54,10
156.85,17.5,0.124,0.739,0.41,0.471,-7.05,-6.52,10
156.90,17.79,0.633,0.816,0.355,0.455,-7.05,-6.52,10
156.95,17.88,0.743,0.731,0.321,0.433,-7.96,-6.55,10
157.00,17.93,0.758,0.595,0.31,0.473,-7.96,-6.55,10
157.05,17.76,0.739,0.565,0.293,0.47,-7.32,-6.49,10
157.10,17.75,0.718,0.646,0.271,0.468,-7.32,-6.49,10
157.15,17.5,0.711,0.602,0.266,0.467,-6.6,-6.49,10
157.20,17.83,0.711,0.58,0.246,0.466,-6.6,-6.49,10
157.25,17.72,0.71,0.563,0.246,0.458,-6.78,-6.47,10
157.30,17.78,0.701,0.743,0.233,0.455,-6.78,-6.47,10
157.35,17.61,0.703,0.758,0.222,0.448,-6.26,-6.53,10
157.40,17.9,0.699,0.719,0.19,0.448,-6.26,-6.53,10
157.45,17.48,0.715,0.642,0.195,0.434,-6.34,-6.54,10
157.50,17.47,0.702,0.683,0.184,0.429,-6.34,-6.54,10
157.55,17.9,0.703,0.703,0.182,0.429,-6.29,-6.54,10
157.60,17.53,0.714,0.623,0.167,0.43,-6.29,-6.54,10
157.65,18.27,0.719,0.591,0.187,0.421,-6.31,-6.61,10
157.70,17.96,0.696,0.655,0.183,0.422,-6.31,-6.61,10
157.75,18.12,0.694,0.87,0.177,0.378,-5.82,-6.55,10
157.80,18.24,0.677,0.878,0.168,0.338,-5.82,-6.55,10
157.85,18.74,0.705,0.819,0.16,0.283,-5.51,-6.49,10
157.90,18.51,0.715,0.752,0.145,0.26,-5.51,-6.49,10
157.95,18.53,0.742,0.717,0.123,0.235,-5.76,-6.48,10
158.00,18.47,0.736,0.67,0.093,0.226,-5.76,-6.48,10
158.05,18.11,0.733,0.598,0.12,0.205,-6.25,-6.52,10
158.10,18.18,0.713,0.564,0.178,0.22,-6.25,-6.52,10
158.15,18.1,0.657,0.677,0.325,0.225,-7.96,-6.67,10
158.20,18.2,0.556,0.714,0.343,0.18,-7.96,-6.67,10
158.25,18.04,0.449,0.714,0.346,0.154,-9.85,-6.74,10
158.30,18.17,0.323,0.645,0.269,0.091,-9.85,-6.74,10
158.35,17.96,0.109,0.567,0.209,0.059,-11.94,-6.84,10
158.40,17.85,0.037,0.636,0.081,0.069,-11.94,-6.84,10
158.45,18.0,0.029,0.523,0.03,0.023,-13.59,-6.96,10
158.50,18.05,0.008,0.496,0.031,0.053,-13.59,-6.96,10
158.55,18.06,0.019,0.396,0.0,0.0,-14.84,-7.1,10
158.60,18.05,0.68,0.807,0.019,0.143,-14.84,-7.1,10
158.65,18.13,0.741,0.813,0.0,0.138,-10.02,-7.02,10
158.70,18.16,0.799,0.61,0.01,0.129,-10.02,-7.02,10
158.75,18.03,0.823,0.521,0.027,0.124,-8.78,-7.04,10
158.80,18.1,0.841,0.653,0.031,0.095,-8.78,-7.04,10
158.85,18.22,0.832,0.681,0.111,0.112,-7.41,-7.18,10
158.90,18.07,0.844,0.554,0.255,0.151,-7.41,-7.18,10
158.95,18.0,0.843,0.452,0.302,0.173,-6.36,-7.24,10
159.00,18.15,0.829,0.613,0.289,0.161,-6.36,-7.24,10
159.05,17.97,0.813,0.625,0.282,0.166,-7.14,-7.28,10
159.10,18.02,0.82,0.596,0.228,0.16,-7.14,-7.28,10
159.15,17.79,0.827,0.506,0.194,0.151,-7.07,-7.3,10
159.20,17.97,0.806,0.532,0.123,0.133,-7.07,-7.3,10
159.25,18.07,0.786,0.833,0.077,0.172,-6.49,-7.19,10
159.30,18.01,0.646,0.847,0.062,0.145,-6.49,-7.19,10
159.35,18.18,0.559,0.787,0.038,0.184,-6.62,-7.17,10
159.40,18.04,0.511,0.694,0.013,0.191,-6.62,-7.17,10
159.45,18.23,0.393,0.734,0.187,0.261,-7.23,-7.31,10
159.50,18.24,0.253,0.714,0.257,0.31,-7.23,-7.31,10
159.55,18.11,0.155,0.692,0.264,0.339,-7.3,-7.43,10
159.60,18.1,0.12,0.617,0.247,0.335,-7.3,-7.43,10
159.65,17.98,0.131,0.641,0.25,0.326,-8.65,-7.43,10
159.70,17.99,0.126,0.584,0.224,0.31,-8.65,-7.43,10
159.75,17.88,0.109,0.64,0.227,0.309,-9.63,-7.45,10
159.80,18.08,0.069,0.643,0.208,0.282,-9.63,-7.45,10
159.85,17.88,0.152,0.749,0.202,0.311,-8.58,-7.5,10
159.90,17.94,0.575,0.841,0.177,0.333,-8.58,-7.5,10
159.95,17.89,0.727,0.844,0.159,0.371,-6.65,-7.25,10
160.00,17.68,0.741,0.826,0.143,0.376,-6.65,-7.25,10
160.05,17.84,0.756,0.71,0.14,0.395,-6.63,-7.33,10
160.10,18.18,0.775,0.703,0.121,0.414,-6.63,-7.33,10
160.15,18.11,0.781,0.683,0.109,0.401,-6.26,-7.39,10
160.20,17.99,0.77,0.687,0.108,0.395,-6.26,-7.39,10
160.25,18.06,0.781,0.634,0.092,0.395,-6.38,-7.43,10
160.30,17.89,0.785,0.767,0.093,0.396,-6.38,-7.43,10
160.35,17.63,0.801,0.804,0.091,0.396,-7.21,-7.39,10
160.40,17.79,0.808,0.696,0.096,0.406,-7.21,-7.39,10
160.45,17.6,0.794,0.652,0.088,0.403,-6.95,-7.43,10
160.50,17.72,0.79,0.716,0.088,0.389,-6.95,-7.43,10
160.55,17.77,0.79,0.758,0.081,0.38,-6.89,-7.49,10
160.60,17.75,0.79,0.611,0.078,0.36,-6.89,-7.49,10
160.65,17.69,0.808,0.707,0.105,0.385,-6.64,-7.49,10
160.70,17.55,0.782,0.752,0.125,0.377,-6.64,-7.49,10
160.75,17.48,0.742,0.854,0.108,0.368,-6.62,-7.54,10
160.80,17.35,0.715,0.845,0.111,0.348,-6.62,-7.54,10
160.85,17.61,0.722,0.823,0.092,0.347,-6.12,-7.55,10
160.90,17.4,0.761,0.769,0.106,0.349,-6.12,-7.55,10
160.95,17.62,0.825,0.763,0.095,0.365,-5.94,-7.52,10
161.00,17.47,0.817,0.752,0.103,0.353,-5.94,-7.52,10
161.05,17.57,0.808,0.72,0.092,0.347,-6.02,-7.45,10
161.10,17.46,0.809,0.678,0.095,0.33,-6.02,-7.45,10
161.15,17.66,0.808,0.785,0.092,0.337,-6.37,-7.31,10
161.20,17.36,0.8,0.792,0.091,0.332,-6.37,-7.31,10
161.25,17.54,0.801,0.79,0.084,0.329,-6.12,-7.1,10
161.30,17.61,0.799,0.703,0.08,0.328,-6.12,-7.1,10
161.35,17.44,0.787,0.697,0.075,0.314,-6.24,-6.99,10
161.40,17.64,0.793,0.705,0.085,0.375,-6.24,-6.99,10
161.45,17.47,0.81,0.663,0.088,0.397,-5.92,-6.81,10
161.50,17.59,0.829,0.613,0.092,0.389,-5.92,-6.81,10
161.55,17.47,0.827,0.617,0.1,0.377,-5.7,-6.63,10
161.60,17.7,0.815,0.737,0.102,0.386,-5.7,-6.63,10
161.65,17.34,0.801,0.732,0.103,0.387,-6.01,-6.68,10
161.70,17.61,0.808,0.673,0.092,0.375,-6.01,-6.68,10
161.75,17.35,0.802,0.682,0.081,0.358,-6.07,-6.67,10
161.80,17.55,0.799,0.703,0.073,0.367,-6.07,-6.67,10
161.85,17.55,0.795,0.727,0.061,0.351,-6.5,-6.7,10
161.90,17.59,0.784,0.647,0.064,0.333,-6.5,-6.7,10
161.95,17.52,0.772,0.648,0.064,0.32,-7.21,-6.74,10
162.00,17.69,0.765,0.704,0.068,0.369,-7.21,-6.74,10
162.05,17.44,0.767,0.714,0.074,0.43,-6.98,-6.66,10
162.10,17.57,0.785,0.648,0.089,0.433,-6.98,-6.66,10
162.15,17.41,0.786,0.688,0.085,0.419,-7.01,-6.66,10
162.20,17.59,0.781,0.613,0.082,0.379,-7.01,-6.66,10
162.25,17.45,0.78,0.683,0.073,0.382,-6.94,-6.76,10
162.30,17.64,0.777,0.647,0.071,0.357,-6.94,-6.76,10
162.35,17.36,0.801,0.668,0.11,0.406,-6.63,-6.74,10
162.40,17.62,0.792,0.652,0.139,0.406,-6.63,-6.74,10
162.45,17.53,0.781,0.751,0.118,0.369,-7.06,-6.64,10
162.50,17.39,0.782,0.769,0.143,0.328,-7.06,-6.64,10
162.55,17.44,0.77,0.745,0.173,0.352,-6.93,-6.62,10
162.60,17.48,0.782,0.681,0.25,0.393,-6.93,-6.62,10
162.65,17.47,0.778,0.799,0.251,0.4,-6.45,-6.52,10
162.70,17.5,0.761,0.818,0.27,0.379,-6.45,-6.52,10
162.75,17.48,0.754,0.804,0.263,0.373,-5.61,-6.31,10
162.80,17.54,0.764,0.748,0.279,0.37,-5.61,-6.31,10
162.85,17.54,0.761,0.673,0.274,0.383,-5.53,-6.28,10
162.90,17.55,0.738,0.702,0.271,0.386,-5.53,-6.28,10
162.95,17.59,0.671,0.727,0.297,0.406,-5.49,-6.44,10
163.00,17.67,0.464,0.738,0.292,0.396,-5.49,-6.44,10
163.05,17.61,0.199,0.698,0.305,0.39,-6.1,-6.44,10
163.10,17.48,0.111,0.644,0.288,0.385,-6.1,-6.44,10
163.15,17.6,0.079,0.708,0.296,0.421,-7.48,-6.46,10
163.20,17.9,0.082,0.683,0.294,0.442,-7.48,-6.46,10
163.25,17.48,0.031,0.68,0.294,0.415,-8.1,-6.46,10
163.30,17.7,0.05,0.804,0.284,0.396,-8.1,-6.46,10
163.35,17.57,0.036,0.881,0.265,0.393,-6.97,-6.42,10
163.40,17.79,0.028,0.869,0.265,0.374,-6.97,-6.42,10
163.45,17.47,0.007,0.792,0.265,0.377,-6.31,-6.36,10
163.50,17.6,0.023,0.681,0.258,0.36,-6.31,-6.36,10
163.55,17.4,0.025,0.707,0.281,0.363,-6.54,-6.41,10
163.60,17.55,0.025,0.666,0.313,0.362,-6.54,-6.41,10
163.65,17.47,0.0,0.625,0.321,0.364,-6.7,-6.47,10
163.70,17.55,0.013,0.692,0.303,0.356,-6.7,-6.47,10
163.75,17.32,0.019,0.836,0.297,0.348,-7.36,-6.5,10
163.80,17.41,0.015,0.802,0.314,0.322,-7.36,-6.5,10
163.85,17.24,0.011,0.767,0.298,0.328,-7.61,-6.54,10
163.90,17.16,0.002,0.721,0.303,0.33,-7.61,-6.54,10
163.95,17.19,0.014,0.724,0.276,0.319,-6.34,-6.47,10
164.00,17.29,0.0,0.696,0.299,0.293,-6.34,-6.47,10
164.05,17.08,0.005,0.674,0.289,0.281,-5.49,-6.39,10
164.10,17.06,0.03,0.637,0.312,0.285,-5.49,-6.39,10
164.15,17.02,0.054,0.654,0.367,0.26,-5.67,-6.4,10
164.20,17.25,0.01,0.593,0.485,0.177,-5.67,-6.4,10
164.25,16.95,0.0,0.514,0.57,0.154,-5.82,-6.5,10
164.30,16.66,0.0,0.382,0.552,0.126,-5.82,-6.5,10
164.35,16.72,0.0,0.476,0.537,0.104,-7.01,-6.57,10
164.40,16.44,0.0,0.506,0.331,0.0,-7.01,-6.57,10
164.45,16.19,0.0,0.304,0.0,0.0,-9.19,-6.74,10
164.50,17.21,0.0,0.013,0.0,0.0,-9.19,-6.74,10
164.55,19.03,0.05,0.203,0.0,0.0,-11.59,-6.94,10
164.60,21.22,0.351,0.841,0.062,0.022,-11.59,-6.94,11
164.65,20.82,0.479,0.882,0.088,0.054,-8.79,-6.82,11
164.70,21.31,0.543,0.869,0.065,0.062,-8.79,-6.82,11
164.75,21.37,0.571,0.801,0.075,0.05,-7.84,-6.79,11
164.80,21.6,0.575,0.744,0.053,0.025,-7.84,-6.79,11
164.85,21.18,0.559,0.734,0.037,0.015,-7.14,-6.83,11
164.90,21.63,0.578,0.689,0.034,0.008,-7.14,-6.83,11
164.95,21.37,0.585,0.67,0.043,0.017,-6.8,-6.88,11
165.00,21.72,0.57,0.71,0.045,0.0,-6.8,-6.88,11
165.05,21.35,0.516,0.792,0.049,0.105,-8.48,-6.98,11
165.10,21.44,0.417,0.814,0.043,0.121,-8.48,-6.98,11
165.15,21.09,0.277,0.805,0.037,0.093,-8.88,-6.99,11
165.20,21.51,0.112,0.748,0.039,0.077,-8.88,-6.99,11
165.25,20.99,0.01,0.8,0.014,0.067,-8.9,-7.04,11
165.30,21.4,0.018,0.751,0.027,0.074,-8.9,-7.04,11
165.35,21.25,0.004,0.789,0.014,0.083,-8.57,-7.11,11
165.40,21.49,0.002,0.744,0.006,0.068,-8.57,-7.11,11
165.45,21.21,0.0,0.792,0.004,0.082,-8.08,-7.1,11
165.50,21.42,0.0,0.784,0.0,0.084,-8.08,-7.1,11
165.55,21.24,0.0,0.768,0.003,0.085,-8.48,-7.17,11
165.60,21.39,0.0,0.771,0.0,0.079,-8.48,-7.17,11
165.65,21.52,0.0,0.755,0.0,0.073,-8.4,-7.28,11
165.70,21.57,0.0,0.762,0.0,0.079,-8.4,-7.28,11
165.75,21.67,0.0,0.712,0.0,0.072,-8.49,-7.53,11
165.80,21.69,0.0,0.749,0.0,0.082,-8.49,-7.53,11
165.85,21.67,0.0,0.732,0.0,0.094,-9.57,-7.64,11
165.90,21.46,0.0,0.8,0.0,0.098,-9.57,-7.64,11
165.95,21.55,0.0,0.754,0.0,0.087,-9.47,-7.71,11
166.00,21.97,0.0,0.797,0.0,0.084,-9.47,-7.71,11
166.05,21.58,0.0,0.754,0.0,0.088,-9.92,-7.75,11
166.10,21.89,0.512,0.832,0.0,0.08,-9.92,-7.75,11
166.15,21.77,0.635,0.854,0.0,0.073,-7.08,-7.47,11
166.20,22.18,0.748,0.836,0.0,0.077,-7.08,-7.47,11
166.25,21.89,0.792,0.786,0.0,0.101,-6.2,-7.36,11
166.30,21.74,0.806,0.786,0.0,0.107,-6.2,-7.36,11
166.35,21.48,0.81,0.799,0.0,0.122,-5.56,-7.46,11
166.40,21.7,0.819,0.757,0.0,0.12,-5.56,-7.46,11
166.45,21.79,0.81,0.785,0.0,0.141,-4.9,-7.46,11
166.50,21.98,0.816,0.754,0.0,0.127,-4.9,-7.46,11
166.55,22.03,0.815,0.78,0.0,0.142,-5.74,-7.33,11
166.60,22.09,0.813,0.695,0.0,0.122,-5.74,-7.33,11
166.65,22.03,0.819,0.753,0.0,0.142,-5.87,-7.22,11
166.70,22.08,0.816,0.734,0.0,0.136,-5.87,-7.22,11
166.75,21.88,0.81,0.802,0.0,0.14,-5.52,-7.16,11
166.80,21.86,0.793,0.846,0.0,0.127,-5.52,-7.16,11
166.85,21.85,0.826,0.863,0.0,0.136,-4.76,-6.96,11
166.90,22.15,0.816,0.775,0.0,0.14,-4.76,-6.96,11
166.95,21.95,0.821,0.796,0.0,0.141,-4.78,-7.03,11
167.00,22.24,0.821,0.776,0.0,0.14,-4.78,-7.03,11
167.05,22.13,0.833,0.766,0.0,0.136,-4.77,-7.07,11
167.10,22.33,0.828,0.746,0.001,0.143,-4.77,-7.07,11
167.15,22.14,0.831,0.811,0.002,0.144,-4.82,-6.98,11
167.20,22.02,0.816,0.823,0.0,0.141,-4.82,-6.98,11
167.25,22.12,0.817,0.712,0.0,0.134,-5.7,-6.94,11
167.30,22.36,0.825,0.75,0.0,0.133,-5.7,-6.94,11
167.35,22.14,0.806,0.76,0.0,0.123,-5.6,-6.81,11
167.40,22.17,0.773,0.842,0.0,0.125,-5.6,-6.81,11
167.45,22.11,0.788,0.848,0.0,0.13,-4.78,-6.49,11
167.50,22.28,0.817,0.831,0.0,0.152,-4.78,-6.49,11
167.55,21.86,0.824,0.779,0.0,0.157,-4.98,-6.32,11
167.60,21.82,0.815,0.859,0.0,0.147,-4.98,-6.32,11
167.65,21.81,0.814,0.846,0.0,0.145,-4.64,-6.38,11
167.70,21.73,0.822,0.822,0.0,0.147,-4.64,-6.38,11
167.75,21.8,0.821,0.799,0.0,0.144,-4.41,-6.29,11
167.80,21.81,0.824,0.807,0.0,0.145,-4.41,-6.29,11
167.85,21.82,0.814,0.828,0.0,0.155,-4.74,-6.13,11
167.90,21.78,0.821,0.782,0.0,0.159,-4.74,-6.13,11
167.95,21.9,0.812,0.758,0.002,0.154,-4.57,-5.98,11
168.00,21.63,0.807,0.834,0.007,0.147,-4.57,-5.98,11
168.05,22.03,0.707,0.884,0.0,0.128,-4.63,-5.89,11
168.10,21.97,0.441,0.875,0.0,0.106,-4.63,-5.89,11
168.15,21.97,0.259,0.754,0.0,0.075,-5.46,-5.93,11
168.20,21.79,0.1,0.702,0.0,0.129,-5.46,-5.93,11
168.25,21.93,0.072,0.769,0.0,0.139,-6.99,-5.97,11
168.30,21.98,0.059,0.677,0.0,0.144,-6.99,-5.97,11
168.35,22.04,0.058,0.772,0.0,0.155,-8.67,-5.99,11
168.40,21.9,0.235,0.808,0.0,0.174,-8.67,-5.99,11
168.45,21.55,0.676,0.81,0.0,0.197,-9.37,-5.99,11
168.50,21.86,0.717,0.822,0.0,0.187,-9.37,-5.99,11
168.55,21.56,0.759,0.808,0.0,0.184,-7.19,-5.82,11
168.60,21.79,0.809,0.746,0.012,0.299,-7.19,-5.82,11
168.65,21.6,0.817,0.694,0.036,0.43,-6.2,-5.75,11
168.70,21.83,0.818,0.678,0.051,0.472,-6.2,-5.75,11
168.75,21.55,0.82,0.582,0.047,0.451,-5.52,-5.68,11
168.80,21.62,0.823,0.561,0.049,0.423,-5.52,-5.68,11
168.85,21.65,0.801,0.755,0.047,0.409,-5.04,-5.54,11
168.90,21.62,0.787,0.825,0.051,0.398,-5.04,-5.54,11
168.95,21.46,0.797,0.721,0.053,0.393,-5.82,-5.5,11
169.00,21.59,0.82,0.598,0.06,0.379,-5.82,-5.5,11
169.05,21.57,0.833,0.515,0.059,0.37,-5.86,-5.42,11
169.10,21.75,0.835,0.675,0.055,0.36,-5.86,-5.42,11
169.15,21.61,0.824,0.666,0.055,0.355,-5.84,-5.55,11
169.20,21.6,0.835,0.541,0.055,0.354,-5.84,-5.55,11
169.25,21.58,0.826,0.487,0.053,0.347,-6.47,-5.57,11
169.30,21.57,0.823,0.686,0.044,0.352,-6.47,-5.57,11
169.35,21.42,0.836,0.706,0.043,0.35,-6.22,-5.58,11
169.40,21.48,0.836,0.623,0.042,0.34,-6.22,-5.58,11
169.45,21.62,0.83,0.585,0.046,0.331,-6.3,-5.61,11
169.50,21.53,0.823,0.791,0.026,0.318,-6.3,-5.61,11
169.55,21.52,0.788,0.832,0.027,0.292,-5.83,-5.56,11
169.60,21.48,0.799,0.805,0.016,0.28,-5.83,-5.56,11
169.65,21.46,0.833,0.724,0.01,0.247,-5.38,-5.51,11
169.70,21.69,0.834,0.631,0.041,0.301,-5.38,-5.51,11
169.75,21.54,0.84,0.669,0.059,0.323,-5.32,-5.55,11
169.80,21.68,0.833,0.649,0.043,0.301,-5.32,-5.55,11
169.85,21.51,0.843,0.599,0.039,0.284,-5.29,-5.69,11
169.90,21.9,0.824,0.542,0.035,0.273,-5.29,-5.69,11
169.95,21.8,0.83,0.813,0.032,0.269,-5.44,-5.66,11
170.00,21.98,0.829,0.77,0.024,0.258,-5.44,-5.66,11
170.05,21.92,0.833,0.551,0.023,0.247,-5.89,-5.67,11
170.10,21.93,0.835,0.47,0.019,0.245,-5.89,-5.67,11
170.15,21.71,0.838,0.784,0.019,0.241,-5.71,-5.68,11
170.20,21.75,0.806,0.866,0.014,0.214,-5.71,-5.68,11
170.25,21.62,0.802,0.831,0.012,0.197,-4.94,-5.58,11
170.30,21.82,0.825,0.745,0.003,0.198,-4.94,-5.58,11
170.35,21.69,0.834,0.653,0.02,0.256,-5.28,-5.61,11
170.40,21.76,0.832,0.661,0.028,0.297,-5.28,-5.61,11
170.45,21.98,0.819,0.578,0.019,0.291,-5.34,-5.75,11
170.50,21.87,0.822,0.572,0.019,0.282,-5.34,-5.75,11
170.55,21.91,0.823,0.443,0.021,0.272,-5.59,-5.77,11
170.60,22.05,0.825,0.807,0.014,0.281,-5.59,-5.77,11
170.65,22.1,0.825,0.783,0.007,0.264,-6.11,-5.79,11
170.70,22.19,0.823,0.562,0.017,0.268,-6.11,-5.79,11
170.75,21.95,0.826,0.497,0.015,0.267,-6.17,-5.87,11
170.80,21.73,0.83,0.684,0.018,0.267,-6.17,-5.87,11
170.85,21.81,0.828,0.707,0.004,0.258,-6.15,-5.96,11
170.90,21.9,0.821,0.588,0.017,0.264,-6.15,-5.96,11
170.95,21.69,0.82,0.543,0.006,0.254,-6.39,-6.04,11
171.00,21.86,0.811,0.752,0.02,0.237,-6.39,-6.04,11
171.05,21.73,0.747,0.788,0.023,0.225,-7.02,-6.13,11
171.10,21.76,0.259,0.675,0.016,0.172,-7.02,-6.13,11
171.15,21.75,0.028,0.596,0.0,0.154,-8.23,-6.18,11
171.20,22.05,0.013,0.651,0.005,0.266,-8.23,-6.18,11
171.25,22.05,0.045,0.804,0.007,0.264,-9.15,-6.14,11
171.30,22.3,0.05,0.717,0.015,0.276,-9.15,-6.14,11
171.35,22.21,0.056,0.753,0.0,0.248,-9.95,-6.12,11
171.40,22.27,0.071,0.692,0.005,0.238,-9.95,-6.12,11
171.45,22.3,0.22,0.843,0.006,0.215,-9.79,-6.15,11
171.50,22.33,0.332,0.908,0.003,0.184,-9.79,-6.15,11
171.55,22.32,0.353,0.871,0.0,0.163,-7.26,-6.19,11
171.60,22.27,0.392,0.835,0.0,0.159,-7.26,-6.19,11
171.65,22.15,0.411,0.791,0.0,0.151,-6.77,-6.22,11
171.70,22.29,0.38,0.792,0.0,0.154,-6.77,-6.22,11
171.75,22.06,0.402,0.729,0.0,0.144,-6.85,-6.3,11
171.80,22.25,0.416,0.709,0.0,0.145,-6.85,-6.3,11
171.85,22.22,0.446,0.67,0.0,0.12,-7.31,-6.47,11
171.90,22.28,0.392,0.831,0.0,0.157,-7.31,-6.47,11
171.95,22.27,0.308,0.844,0.0,0.161,-8.22,-6.47,11
172.00,22.38,0.221,0.829,0.0,0.15,-8.22,-6.47,11
172.05,22.2,0.089,0.758,0.0,0.156,-9.18,-6.56,11
172.10,22.24,0.026,0.789,0.002,0.164,-9.18,-6.56,11
172.15,22.0,0.029,0.761,0.007,0.175,-8.91,-6.64,11
172.20,22.31,0.021,0.79,0.0,0.166,-8.91,-6.64,11
172.25,22.36,0.036,0.767,0.0,0.174,-8.84,-6.72,11
172.30,22.45,0.019,0.803,0.0,0.173,-8.84,-6.72,11
172.35,22.05,0.023,0.802,0.0,0.18,-8.51,-6.73,11
172.40,22.25,0.004,0.754,0.0,0.186,-8.51,-6.73,11
172.45,22.17,0.0,0.762,0.0,0.2,-8.34,-6.8,11
172.50,22.39,0.013,0.74,0.0,0.179,-8.34,-6.8,11
172.55,21.98,0.009,0.771,0.004,0.189,-8.24,-6.95,11
172.60,22.28,0.003,0.717,0.0,0.184,-8.24,-6.95,11
172.65,22.16,0.003,0.775,0.0,0.216,-8.26,-7.12,11
172.70,22.44,0.0,0.755,0.0,0.218,-8.26,-7.12,11
172.75,22.11,0.0,0.809,0.0,0.231,-9.08,-7.22,11
172.80,22.23,0.0,0.789,0.0,0.224,-9.08,-7.22,11
172.85,22.26,0.0,0.793,0.0,0.221,-8.99,-7.3,11
172.90,22.31,0.0,0.779,0.0,0.228,-8.99,-7.3,11
172.95,22.28,0.53,0.812,0.0,0.223,-8.52,-7.39,11
173.00,22.12,0.646,0.846,0.0,0.21,-8.52,-7.39,11
173.05,22.18,0.729,0.85,0.0,0.201,-6.42,-7.21,11
173.10,22.15,0.787,0.818,0.0,0.223,-6.42,-7.21,11
173.15,22.29,0.815,0.781,0.011,0.211,-5.83,-7.24,11
173.20,22.39,0.815,0.793,0.007,0.231,-5.83,-7.24,11
173.25,22.32,0.819,0.743,0.025,0.233,-5.26,-7.37,11
173.30,22.51,0.816,0.765,0.028,0.253,-5.26,-7.37,11
173.35,22.29,0.819,0.757,0.036,0.24,-5.11,-7.35,11
173.40,22.54,0.82,0.794,0.036,0.247,-5.11,-7.35,11
173.45,22.37,0.816,0.732,0.037,0.241,-5.93,-7.32,11
173.50,22.66,0.828,0.782,0.042,0.247,-5.93,-7.32,11
173.55,22.4,0.817,0.731,0.053,0.234,-6.08,-7.33,11
173.60,22.55,0.809,0.832,0.049,0.238,-6.08,-7.33,11
173.65,22.28,0.782,0.88,0.055,0.233,-5.22,-7.2,11
173.70,22.56,0.811,0.869,0.059,0.252,-5.22,-7.2,11
173.75,22.32,0.819,0.801,0.068,0.26,-4.91,-7.1,11
173.80,22.46,0.82,0.79,0.064,0.27,-4.91,-7.1,11
173.85,22.56,0.824,0.789,0.062,0.28,-4.9,-7.08,11
173.90,22.87,0.83,0.76,0.067,0.266,-4.9,-7.08,11
173.95,22.5,0.824,0.763,0.079,0.276,-4.79,-7.02,11
174.00,22.76,0.817,0.791,0.062,0.253,-4.79,-7.02,11
174.05,22.51,0.811,0.816,0.074,0.27,-5.3,-6.91,11
174.10,22.62,0.81,0.728,0.06,0.252,-5.3,-6.91,11
174.15,22.46,0.822,0.772,0.079,0.261,-5.62,-6.74,11
174.20,22.54,0.809,0.712,0.068,0.241,-5.62,-6.74,11
174.25,22.38,0.806,0.841,0.093,0.261,-5.21,-6.58,11
174.30,22.79,0.797,0.863,0.154,0.237,-5.21,-6.58,11
174.35,22.39,0.806,0.841,0.24,0.289,-4.59,-6.36,11
174.40,22.35,0.812,0.808,0.291,0.327,-4.59,-6.36,11
174.45,22.2,0.811,0.852,0.343,0.428,-4.48,-6.25,11
174.50,22.25,0.802,0.861,0.357,0.496,-4.48,-6.25,11
174.55,22.28,0.803,0.81,0.363,0.464,-4.12,-6.23,11
174.60,21.96,0.798,0.814,0.365,0.485,-4.12,-6.23,11
174.65,22.19,0.799,0.804,0.369,0.446,-4.14,-6.14,11
174.70,22.36,0.799,0.827,0.392,0.46,-4.14,-6.14,11
174.75,22.26,0.787,0.795,0.402,0.438,-4.39,-5.98,11
174.80,22.31,0.789,0.795,0.411,0.448,-4.39,-5.98,11
174.85,22.28,0.782,0.806,0.44,0.432,-4.55,-5.87,11
174.90,22.31,0.733,0.859,0.499,0.434,-4.55,-5.87,11
174.95,22.17,0.616,0.858,0.569,0.425,-4.71,-5.8,11
175.00,21.9,0.569,0.795,0.61,0.425,-4.71,-5.8,11
175.05,21.92,0.533,0.702,0.639,0.431,-5.51,-5.77,11
175.10,22.18,0.511,0.601,0.664,0.453,-5.51,-5.77,11
175.15,21.94,0.474,0.538,0.676,0.468,-6.55,-5.78,11
175.20,22.49,0.452,0.497,0.684,0.46,-6.55,-5.78,11
175.25,22.15,0.404,0.472,0.677,0.451,-7.88,-5.79,11
175.30,22.34,0.68,0.817,0.646,0.439,-7.88,-5.79,11
175.35,22.36,0.75,0.849,0.594,0.408,-7.05,-5.68,11
175.40,22.38,0.786,0.817,0.556,0.406,-7.05,-5.68,11
175.45,22.22,0.81,0.726,0.567,0.419,-6.3,-5.59,11
175.50,22.6,0.813,0.679,0.578,0.417,-6.3,-5.59,11
175.55,22.18,0.815,0.681,0.61,0.441,-5.67,-5.52,11
175.60,22.41,0.81,0.586,0.621,0.441,-5.67,-5.52,11
175.65,22.08,0.81,0.565,0.607,0.433,-5.07,-5.45,11
175.70,22.37,0.811,0.639,0.589,0.433,-5.07,-5.45,11
175.75,22.07,0.803,0.821,0.552,0.425,-5.34,-5.33,11
175.80,22.31,0.802,0.745,0.519,0.415,-5.34,-5.33,11
175.85,22.03,0.806,0.582,0.493,0.412,-5.55,-5.28,11
175.90,22.3,0.813,0.503,0.484,0.41,-5.55,-5.28,11
175.95,22.0,0.818,0.678,0.465,0.405,-5.65,-5.25,11
176.00,22.1,0.812,0.678,0.466,0.405,-5.65,-5.25,11
176.05,21.98,0.823,0.511,0.455,0.401,-5.71,-5.37,11
176.10,22.15,0.824,0.445,0.451,0.388,-5.71,-5.37,11
176.15,22.08,0.81,0.698,0.471,0.464,-6.24,-5.38,11
176.20,21.91,0.815,0.722,0.502,0.534,-6.24,-5.38,11
176.25,22.15,0.812,0.632,0.484,0.537,-6.18,-5.39,11
176.30,22.18,0.826,0.596,0.469,0.523,-6.18,-5.39,11
176.35,22.02,0.815,0.716,0.452,0.514,-5.96,-5.36,11
176.40,22.34,0.787,0.862,0.517,0.505,-5.96,-5.36,11
176.45,21.85,0.769,0.871,0.528,0.491,-5.23,-5.28,11
176.50,22.08,0.79,0.802,0.527,0.495,-5.23,-5.28,11
176.55,22.04,0.801,0.702,0.548,0.508,-5.36,-5.29,11
176.60,22.15,0.805,0.678,0.558,0.525,-5.36,-5.29,11
176.65,22.2,0.804,0.649,0.563,0.54,-5.31,-5.4,11
176.70,22.59,0.813,0.526,0.561,0.537,-5.31,-5.4,11
176.75,22.53,0.81,0.469,0.561,0.531,-5.57,-5.45,11
176.80,22.72,0.807,0.699,0.563,0.553,-5.57,-5.45,11
176.85,22.74,0.811,0.694,0.568,0.563,-6.3,-5.46,11
176.90,22.92,0.8,0.536,0.558,0.564,-6.3,-5.46,11
176.95,22.7,0.807,0.504,0.548,0.556,-6.35,-5.49,11
177.00,22.94,0.799,0.809,0.507,0.529,-6.35,-5.49,11
177.05,22.73,0.774,0.866,0.486,0.508,-5.76,-5.46,11
177.10,22.89,0.767,0.866,0.451,0.486,-5.76,-5.46,11
177.15,22.63,0.792,0.84,0.437,0.475,-5.05,-5.38,11
177.20,22.83,0.805,0.736,0.511,0.494,-5.05,-5.38,11
177.25,22.76,0.816,0.65,0.57,0.547,-5.04,-5.44,11
177.30,22.97,0.825,0.58,0.583,0.615,-5.04,-5.44,11
177.35,22.73,0.818,0.515,0.58,0.626,-4.82,-5.52,11
177.40,22.87,0.815,0.468,0.583,0.635,-4.82,-5.52,11
177.45,22.66,0.821,0.823,0.522,0.616,-4.96,-5.54,11
177.50,23.06,0.815,0.798,0.494,0.625,-4.96,-5.54,11
177.55,22.71,0.825,0.596,0.473,0.646,-5.55,-5.6,11
177.60,22.82,0.822,0.503,0.455,0.642,-5.55,-5.6,11
177.65,22.47,0.82,0.666,0.429,0.621,-5.55,-5.66,11
177.70,22.81,0.823,0.674,0.414,0.613,-5.55,-5.66,11
177.75,22.44,0.822,0.543,0.404,0.602,-5.64,-5.71,11
177.80,22.49,0.827,0.492,0.379,0.585,-5.64,-5.71,11
177.85,22.45,0.819,0.5,0.373,0.549,-6.19,-5.77,11
177.90,22.69,0.775,0.56,0.593,0.51,-6.19,-5.77,11
177.95,22.52,0.5,0.597,0.633,0.489,-6.62,-5.86,11
178.00,22.22,0.181,0.541,0.629,0.453,-6.62,-5.86,11
178.05,21.97,0.165,0.555,0.627,0.437,-7.22,-5.86,11
178.10,21.94,0.188,0.572,0.623,0.419,-7.22,-5.86,11
178.15,21.83,0.162,0.568,0.571,0.397,-8.37,-5.88,11
178.20,21.16,0.142,0.578,0.567,0.376,-8.37,-5.88,11
178.25,21.6,0.149,0.58,0.582,0.393,-9.58,-5.89,11
178.30,22.0,0.525,0.724,0.543,0.362,-9.58,-5.89,11
178.35,22.58,0.642,0.737,0.509,0.353,-7.49,-5.9,11
178.40,22.57,0.708,0.734,0.48,0.357,-7.49,-5.9,11
178.45,22.73,0.743,0.693,0.444,0.354,-6.66,-5.9,11
178.50,22.93,0.754,0.661,0.429,0.334,-6.66,-5.9,11
178.55,22.88,0.752,0.645,0.412,0.347,-5.94,-5.92,11
178.60,22.86,0.76,0.598,0.39,0.338,-5.94,-5.92,11
178.65,22.79,0.755,0.583,0.335,0.347,-5.59,-5.97,11
178.70,22.96,0.712,0.551,0.269,0.323,-5.59,-5.97,11
178.75,22.76,0.643,0.827,0.263,0.317,-6.18,-6.02,11
178.80,22.97,0.676,0.859,0.235,0.284,-6.18,-6.02,11
178.85,22.74,0.725,0.818,0.211,0.275,-6.06,-5.97,11
178.90,23.03,0.742,0.749,0.185,0.266,-6.06,-5.97,11
178.95,22.79,0.737,0.706,0.177,0.225,-6.43,-6.02,11
179.00,22.95,0.734,0.674,0.155,0.229,-6.43,-6.02,11
179.05,22.8,0.731,0.618,0.145,0.187,-6.75,-6.1,11
179.10,22.95,0.703,0.583,0.112,0.18,-6.75,-6.1,11
179.15,23.02,0.646,0.82,0.119,0.168,-7.08,-6.12,11
179.20,22.92,0.283,0.855,0.111,0.162,-7.08,-6.12,11
179.25,22.96,0.037,0.754,0.098,0.143,-8.42,-6.2,11
179.30,23.03,0.0,0.784,0.086,0.156,-8.42,-6.2,11
179.35,22.87,0.0,0.748,0.071,0.122,-8.7,-6.31,11
179.40,22.69,0.0,0.806,0.062,0.147,-8.7,-6.31,11
179.45,23.07,0.0,0.751,0.054,0.12,-8.58,-6.5,11
179.50,23.12,0.0,0.803,0.058,0.16,-8.58,-6.5,11
179.55,22.88,0.0,0.762,0.042,0.136,-10.01,-6.6,11
179.60,22.95,0.0,0.823,0.047,0.167,-10.01,-6.6,11
179.65,23.0,0.0,0.782,0.036,0.137,-9.72,-6.67,11
179.70,22.98,0.0,0.789,0.041,0.152,-9.72,-6.67,11
179.75,22.92,0.0,0.766,0.025,0.147,-9.7,-6.75,11
179.80,22.72,0.517,0.82,0.016,0.151,-9.7,-6.75,11
179.85,22.87,0.646,0.858,0.0,0.143,-7.26,-6.62,11
179.90,23.0,0.748,0.857,0.0,0.143,-7.26,-6.62,11
179.95,23.11,0.792,0.82,0.0,0.161,-6.03,-6.55,11
180.00,23.0,0.806,0.771,0.0,0.149,-6.03,-6.55,11
180.05,22.98,0.809,0.781,0.0,0.179,-5.46,-6.62,11
180.10,23.08,0.82,0.721,0.005,0.186,-5.46,-6.62,11
180.15,23.07,0.819,0.775,0.013,0.19,-4.97,-6.73,11
180.20,23.03,0.816,0.756,0.005,0.186,-4.97,-6.73,11
180.25,23.21,0.816,0.807,0.02,0.192,-5.59,-6.72,11
180.30,23.16,0.812,0.774,0.012,0.185,-5.59,-6.72,11
180.35,23.29,0.811,0.797,0.019,0.183,-5.84,-6.73,11
180.40,23.04,0.813,0.764,0.019,0.181,-5.84,-6.73,11
180.45,23.2,0.805,0.826,0.018,0.179,-5.75,-6.77,11
180.50,23.14,0.778,0.871,0.02,0.174,-5.75,-6.77,11
180.55,23.03,0.803,0.874,0.014,0.179,-4.76,-6.58,11
180.60,22.95,0.808,0.828,0.017,0.188,-4.76,-6.58,11
180.65,23.16,0.801,0.781,0.019,0.188,-4.83,-6.59,11
180.70,23.09,0.805,0.791,0.011,0.186,-4.83,-6.59,11
180.75,23.28,0.81,0.727,0.015,0.169,-4.83,-6.58,11
180.80,23.11,0.81,0.753,0.019,0.181,-4.83,-6.58,11
180.85,23.29,0.804,0.767,0.02,0.175,-4.69,-6.5,11
180.90,23.17,0.795,0.831,0.024,0.183,-4.69,-6.5,11
180.95,23.33,0.791,0.759,0.014,0.168,-5.76,-6.46,11
181.00,23.09,0.811,0.791,0.019,0.177,-5.76,-6.46,11
181.05,23.3,0.806,0.726,0.017,0.173,-5.79,-6.4,11
181.10,23.24,0.802,0.83,0.019,0.179,-5.79,-6.4,11
181.15,23.3,0.783,0.851,0.018,0.17,-4.97,-6.15,11
181.20,23.18,0.798,0.853,0.025,0.193,-4.97,-6.15,11
181.25,23.1,0.795,0.833,0.033,0.191,-5.04,-6.01,11
181.30,23.16,0.802,0.847,0.033,0.187,-5.04,-6.01,11
181.35,23.09,0.793,0.861,0.024,0.18,-4.59,-6.05,11
181.40,22.94,0.81,0.831,0.023,0.186,-4.59,-6.05,11
181.45,23.02,0.799,0.825,0.029,0.18,-4.22,-6.0,11
181.50,22.94,0.805,0.814,0.026,0.173,-4.22,-6.0,11
181.55,23.04,0.795,0.847,0.027,0.169,-4.53,-5.92,11
181.60,22.96,0.794,0.823,0.025,0.163,-4.53,-5.92,11
181.65,23.1,0.792,0.816,0.025,0.167,-4.49,-5.83,11
181.70,23.25,0.797,0.804,0.035,0.152,-4.49,-5.83,11
181.75,22.95,0.777,0.858,0.022,0.142,-4.58,-5.8,11
181.80,22.8,0.609,0.883,0.01,0.125,-4.58,-5.8,11
181.85,22.95,0.375,0.803,0.0,0.091,-5.34,-5.9,11
181.90,22.75,0.194,0.674,0.0,0.105,-5.34,-5.9,11
181.95,22.82,0.06,0.741,0.003,0.129,-6.77,-5.96,11
182.00,22.8,0.033,0.719,0.0,0.15,-6.77,-5.96,11
182.05,22.96,0.055,0.716,0.0,0.155,-8.47,-5.98,11
182.10,22.79,0.154,0.777,0.0,0.177,-8.47,-5.98,11
182.15,22.87,0.555,0.806,0.003,0.193,-9.53,-5.99,11
182.20,22.82,0.682,0.85,0.003,0.195,-9.53,-5.99,11
182.25,22.88,0.719,0.832,0.0,0.188,-7.35,-5.81,11
182.30,22.74,0.792,0.753,0.022,0.233,-7.35,-5.81,11
182.35,23.07,0.816,0.687,0.044,0.358,-6.39,-5.75,11
182.40,22.79,0.813,0.67,0.068,0.438,-6.39,-5.75,11
182.45,23.15,0.811,0.609,0.045,0.417,-5.61,-5.68,11
182.50,23.0,0.819,0.571,0.063,0.376,-5.61,-5.68,11
182.55,23.11,0.813,0.586,0.058,0.348,-5.41,-5.58,11
182.60,22.95,0.813,0.844,0.059,0.351,-5.41,-5.58,11
182.65,23.11,0.808,0.815,0.064,0.339,-5.8,-5.48,11
182.70,23.0,0.814,0.604,0.074,0.335,-5.8,-5.48,11
182.75,22.84,0.825,0.538,0.072,0.338,-5.82,-5.43,11
182.80,22.96,0.829,0.725,0.073,0.335,-5.82,-5.43,11
182.85,22.83,0.822,0.736,0.075,0.342,-5.77,-5.52,11
182.90,22.9,0.838,0.582,0.081,0.351,-5.77,-5.52,11
182.95,22.76,0.833,0.557,0.083,0.344,-5.94,-5.57,11
183.00,22.69,0.825,0.645,0.078,0.335,-5.94,-5.57,11
183.05,22.77,0.833,0.689,0.079,0.335,-6.3,-5.58,11
183.10,22.68,0.83,0.642,0.064,0.323,-6.3,-5.58,11
183.15,22.93,0.832,0.611,0.07,0.304,-6.28,-5.6,11
183.20,22.72,0.821,0.653,0.057,0.293,-6.28,-5.6,11
183.25,22.86,0.804,0.852,0.054,0.287,-5.98,-5.57,11
183.30,22.69,0.773,0.857,0.048,0.27,-5.98,-5.57,11
183.35,22.89,0.803,0.806,0.033,0.242,-5.4,-5.51,11
183.40,22.49,0.818,0.721,0.057,0.263,-5.4,-5.51,11
183.45,22.91,0.828,0.694,0.076,0.303,-5.32,-5.53,11
183.50,22.85,0.823,0.707,0.066,0.315,-5.32,-5.53,11
183.55,22.87,0.832,0.62,0.06,0.304,-5.3,-5.68,11
183.60,22.79,0.829,0.607,0.062,0.311,-5.3,-5.68,11
183.65,22.93,0.826,0.839,0.056,0.304,-5.31,-5.64,11
183.70,23.06,0.813,0.84,0.05,0.297,-5.31,-5.64,11
183.75,22.99,0.827,0.653,0.044,0.311,-5.87,-5.66,11
183.80,22.54,0.823,0.588,0.055,0.318,-5.87,-5.66,11
183.85,22.95,0.824,0.76,0.042,0.297,-5.76,-5.68,11
183.90,22.75,0.813,0.861,0.037,0.274,-5.76,-5.68,11
183.95,22.81,0.806,0.852,0.03,0.243,-4.96,-5.57,11
184.00,22.53,0.815,0.766,0.017,0.223,-4.96,-5.57,11
184.05,22.79,0.824,0.643,0.023,0.231,-5.29,-5.58,11
184.10,22.8,0.821,0.676,0.028,0.262,-5.29,-5.58,11
184.15,22.81,0.811,0.634,0.023,0.287,-5.28,-5.71,11
184.20,22.52,0.813,0.585,0.021,0.288,-5.28,-5.71,11
184.25,22.92,0.823,0.526,0.027,0.31,-5.61,-5.76,11
184.30,22.88,0.827,0.815,0.021,0.323,-5.61,-5.76,11
184.35,22.93,0.816,0.821,0.01,0.322,-6.04,-5.78,11
184.40,22.84,0.822,0.646,0.011,0.34,-6.04,-5.78,11
184.45,22.87,0.825,0.609,0.017,0.335,-6.13,-5.87,11
184.50,22.79,0.823,0.686,0.017,0.334,-6.13,-5.87,11
184.55,22.69,0.829,0.705,0.016,0.321,-6.23,-5.96,11
184.60,22.44,0.83,0.609,0.017,0.315,-6.23,-5.96,11
184.65,22.5,0.838,0.575,0.017,0.315,-6.22,-6.03,11
184.70,22.64,0.824,0.624,0.014,0.289,-6.22,-6.03,11
184.75,22.54,0.804,0.781,0.036,0.276,-6.91,-6.11,11
184.80,22.13,0.463,0.73,0.023,0.221,-6.91,-6.11,11
184.85,22.46,0.014,0.592,0.006,0.152,-8.06,-6.18,11
184.90,23.07,0.012,0.586,0.012,0.25,-8.06,-6.18,11
184.95,22.46,0.063,0.777,0.021,0.273,-8.83,-6.14,11
185.00,22.65,0.062,0.749,0.022,0.273,-8.83,-6.14,11
185.05,23.21,0.077,0.767,0.001,0.256,-9.69,-6.11,11
185.10,22.94,0.13,0.746,0.014,0.237,-9.69,-6.11,11
185.15,22.84,0.402,0.813,0.009,0.245,-10.32,-6.15,11
185.20,22.77,0.476,0.879,0.002,0.21,-10.32,-6.15,11
185.25,22.49,0.567,0.862,0.0,0.201,-7.41,-6.19,11
185.30,22.76,0.584,0.813,0.0,0.192,-7.41,-6.19,11
185.35,22.37,0.639,0.756,0.0,0.187,-6.9,-6.2,11
185.40,22.26,0.64,0.749,0.0,0.189,-6.9,-6.2,11
185.45,22.31,0.644,0.701,0.0,0.185,-6.91,-6.28,11
185.50,22.55,0.644,0.671,0.0,0.167,-6.91,-6.28,11
185.55,22.49,0.631,0.63,0.0,0.152,-7.35,-6.41,11
185.60,22.58,0.54,0.809,0.0,0.198,-7.35,-6.41,11
185.65,22.57,0.375,0.848,0.0,0.195,-8.31,-6.48,11
185.70,22.73,0.279,0.825,0.0,0.181,-8.31,-6.48,11
185.75,22.59,0.153,0.796,0.0,0.164,-8.96,-6.54,11
185.80,22.57,0.076,0.791,0.003,0.153,-8.96,-6.54,11
185.85,22.73,0.035,0.785,0.01,0.153,-8.74,-6.62,11
185.90,22.74,0.019,0.748,0.011,0.137,-8.74,-6.62,11
185.95,22.67,0.024,0.773,0.007,0.154,-8.35,-6.69,11
186.00,22.66,0.027,0.775,0.004,0.149,-8.35,-6.69,11
186.05,22.44,0.026,0.804,0.011,0.152,-8.18,-6.69,11
186.10,22.63,0.014,0.728,0.018,0.153,-8.18,-6.69,11
186.15,22.29,0.007,0.772,0.009,0.173,-8.27,-6.77,11
186.20,22.33,0.015,0.754,0.015,0.168,-8.27,-6.77,11
186.25,22.2,0.013,0.801,0.014,0.172,-8.24,-6.9,11
186.30,22.58,0.026,0.775,0.008,0.167,-8.24,-6.9,11
186.35,22.43,0.021,0.807,0.002,0.183,-8.27,-7.08,11
186.40,22.53,0.027,0.782,0.0,0.182,-8.27,-7.08,11
186.45,22.41,0.021,0.812,0.004,0.171,-9.14,-7.18,11
186.50,22.52,0.0,0.815,0.0,0.17,-9.14,-7.18,11
186.55,22.28,0.0,0.791,0.0,0.166,-9.08,-7.27,11
186.60,22.35,0.022,0.788,0.0,0.185,-9.08,-7.27,11
186.65,22.38,0.543,0.797,0.0,0.202,-8.91,-7.39,11
186.70,22.65,0.666,0.851,0.0,0.198,-8.91,-7.39,11
186.75,22.47,0.728,0.837,0.004,0.182,-6.59,-7.2,11
186.80,22.5,0.78,0.804,0.003,0.218,-6.59,-7.2,11
186.85,22.15,0.799,0.738,0.006,0.206,-5.98,-7.22,11
186.90,22.64,0.805,0.769,0.026,0.281,-5.98,-7.22,11
186.95,22.3,0.808,0.731,0.026,0.332,-5.39,-7.37,11
187.00,22.79,0.808,0.779,0.034,0.319,-5.39,-7.37,11
187.05,22.46,0.805,0.764,0.041,0.32,-5.15,-7.36,11
187.10,23.02,0.816,0.802,0.053,0.31,-5.15,-7.36,11
187.15,22.75,0.81,0.782,0.049,0.301,-6.06,-7.35,11
187.20,23.06,0.821,0.778,0.054,0.288,-6.06,-7.35,11
187.25,22.8,0.816,0.76,0.07,0.278,-6.08,-7.31,11
187.30,23.09,0.799,0.828,0.072,0.283,-6.08,-7.31,11
187.35,22.75,0.762,0.87,0.069,0.255,-5.29,-7.22,11
187.40,23.06,0.775,0.879,0.065,0.28,-5.29,-7.22,11
187.45,22.84,0.793,0.858,0.073,0.295,-4.77,-7.09,11
187.50,23.24,0.8,0.783,0.069,0.29,-4.77,-7.09,11
187.55,22.92,0.81,0.777,0.071,0.305,-4.74,-7.06,11
187.60,23.27,0.82,0.711,0.074,0.287,-4.74,-7.06,11
187.65,23.06,0.819,0.775,0.088,0.298,-4.74,-7.02,11
187.70,23.32,0.82,0.756,0.091,0.281,-4.74,-7.02,11
187.75,23.11,0.813,0.84,0.107,0.286,-5.14,-6.92,11
187.80,23.22,0.803,0.785,0.105,0.271,-5.14,-6.92,11
187.85,23.18,0.82,0.773,0.121,0.272,-5.6,-6.75,11
187.90,23.36,0.813,0.735,0.144,0.268,-5.6,-6.75,11
187.95,23.17,0.808,0.825,0.176,0.269,-5.42,-6.62,11
188.00,23.36,0.775,0.867,0.236,0.261,-5.42,-6.62,11
188.05,23.22,0.786,0.862,0.323,0.282,-4.63,-6.38,11
188.10,23.23,0.788,0.836,0.397,0.32,-4.63,-6.38,11
188.15,23.12,0.794,0.84,0.421,0.341,-4.62,-6.26,11
188.20,23.26,0.779,0.841,0.501,0.367,-4.62,-6.26,11
188.25,23.33,0.778,0.817,0.509,0.352,-4.3,-6.26,11
188.30,23.47,0.78,0.828,0.541,0.361,-4.3,-6.26,11
188.35,23.38,0.786,0.801,0.526,0.329,-4.2,-6.18,11
188.40,23.41,0.79,0.843,0.553,0.337,-4.2,-6.18,11
188.45,23.22,0.792,0.827,0.543,0.315,-4.56,-6.03,11
188.50,23.33,0.804,0.829,0.56,0.331,-4.56,-6.03,11
188.55,22.99,0.804,0.807,0.576,0.326,-4.68,-5.89,11
188.60,23.18,0.792,0.853,0.582,0.338,-4.68,-5.89,11
188.65,23.07,0.688,0.868,0.592,0.332,-4.67,-5.81,11
188.70,23.62,0.633,0.816,0.624,0.337,-4.67,-5.81,11
188.75,23.51,0.558,0.757,0.672,0.349,-5.23,-5.78,11
188.80,23.74,0.51,0.647,0.677,0.346,-5.23,-5.78,11
188.85,23.57,0.436,0.562,0.709,0.349,-6.17,-5.78,11
188.90,23.73,0.401,0.514,0.702,0.346,-6.17,-5.78,11
188.95,23.61,0.349,0.471,0.71,0.343,-7.23,-5.79,11
189.00,23.72,0.548,0.819,0.679,0.34,-7.23,-5.79,11
189.05,23.69,0.707,0.877,0.633,0.327,-7.14,-5.72,11
189.10,23.89,0.757,0.859,0.595,0.323,-7.14,-5.72,11
189.15,23.63,0.782,0.796,0.575,0.347,-6.36,-5.6,11
189.20,24.0,0.809,0.706,0.573,0.365,-6.36,-5.6,11
189.25,23.71,0.809,0.653,0.611,0.37,-5.75,-5.54,11
189.30,23.85,0.807,0.55,0.647,0.362,-5.75,-5.54,11
189.35,23.67,0.806,0.45,0.625,0.356,-5.12,-5.46,11
189.40,23.77,0.817,0.543,0.611,0.349,-5.12,-5.46,11
189.45,23.59,0.819,0.829,0.583,0.359,-5.1,-5.33,11
189.50,23.76,0.812,0.784,0.541,0.337,-5.1,-5.33,11
189.55,23.45,0.816,0.624,0.529,0.356,-5.49,-5.28,11
189.60,23.66,0.822,0.512,0.491,0.355,-5.49,-5.28,11
189.65,23.47,0.807,0.657,0.494,0.364,-5.55,-5.24,11
189.70,23.58,0.817,0.677,0.476,0.362,-5.55,-5.24,11
189.75,23.43,0.823,0.55,0.469,0.365,-5.71,-5.36,11
189.80,23.63,0.836,0.453,0.438,0.36,-5.71,-5.36,11
189.85,23.67,0.818,0.571,0.461,0.366,-6.26,-5.36,11
189.90,23.75,0.823,0.61,0.514,0.42,-6.26,-5.36,11
189.95,23.71,0.816,0.521,0.552,0.436,-6.05,-5.36,11
190.00,24.03,0.819,0.385,0.533,0.439,-6.05,-5.36,11
190.05,23.9,0.818,0.328,0.574,0.412,-6.05,-5.35,11
190.10,23.89,0.796,0.283,0.716,0.401,-6.05,-5.35,11
190.15,23.93,0.537,0.214,0.76,0.396,-6.54,-5.41,11
190.20,24.08,0.116,0.172,0.757,0.388,-6.54,-5.41,11
190.25,23.94,0.087,0.187,0.758,0.382,-7.52,-5.5,11
190.30,24.27,0.094,0.216,0.753,0.372,-7.52,-5.5,11
190.35,24.2,0.056,0.149,0.751,0.345,-9.03,-5.72,11
190.40,24.56,0.005,0.106,0.732,0.333,-9.03,-5.72,11
190.45,24.31,0.004,0.103,0.739,0.33,-11.15,-5.89,11
190.50,24.44,0.004,0.104,0.742,0.326,-11.15,-5.89,11
190.55,24.29,0.011,0.082,0.753,0.315,-11.36,-5.97,11
190.60,24.49,0.016,0.094,0.766,0.315,-11.36,-5.97,11
190.65,24.38,0.019,0.098,0.765,0.294,-11.33,-6.08,11
190.70,24.52,0.025,0.112,0.767,0.305,-11.33,-6.08,11
190.75,24.36,0.026,0.096,0.761,0.298,-11.03,-6.24,11
190.80,24.58,0.016,0.087,0.761,0.296,-11.03,-6.24,11
190.85,24.51,0.008,0.1,0.742,0.27,-11.21,-6.36,11
190.90,24.7,0.008,0.092,0.7,0.239,-11.21,-6.36,11
190.95,24.67,0.008,0.088,0.705,0.299,-11.82,-6.51,11
191.00,24.75,0.008,0.083,0.73,0.34,-11.82,-6.51,11
191.05,24.73,0.006,0.089,0.735,0.318,-11.35,-6.77,11
191.10,24.85,0.007,0.095,0.723,0.314,-11.35,-6.77,11
191.15,24.72,0.008,0.136,0.721,0.302,-11.2,-6.95,11
191.20,24.89,0.012,0.128,0.714,0.31,-11.2,-6.95,11
191.25,24.91,0.016,0.125,0.717,0.285,-11.05,-7.17,11
191.30,25.06,0.0,0.101,0.702,0.275,-11.05,-7.17,11
191.35,24.88,0.001,0.08,0.682,0.264,-11.46,-7.4,11
191.40,25.0,0.001,0.056,0.682,0.29,-11.46,-7.4,11
191.45,25.03,0.005,0.069,0.68,0.286,-12.23,-7.65,11
191.50,24.98,0.0,0.093,0.666,0.289,-12.23,-7.65,11
191.55,24.78,0.01,0.137,0.646,0.29,-13.18,-7.88,11
191.60,24.68,0.029,0.228,0.623,0.328,-13.18,-7.88,11
191.65,24.8,0.027,0.226,0.589,0.339,-12.69,-8.13,11
191.70,24.45,0.009,0.188,0.588,0.347,-12.69,-8.13,11
191.75,23.92,0.019,0.177,0.583,0.34,-11.87,-8.22,11
191.80,23.56,0.029,0.179,0.562,0.332,-11.87,-8.22,11
191.85,22.56,0.035,0.186,0.566,0.324,-11.95,-8.29,11
191.90,20.51,0.022,0.195,0.543,0.307,-11.95,-8.29,11
191.95,18.69,0.037,0.2,0.524,0.292,-11.74,-8.34,11
192.00,14.42,0.047,0.213,0.491,0.297,-11.74,-8.34,11
192.05,14.6,0.055,0.184,0.466,0.308,-12.97,-8.71,12
192.10,13.24,0.048,0.157,0.598,0.397,-12.97,-8.71,12
192.15,13.81,0.044,0.126,0.626,0.429,-14.64,-9.05,12
192.20,12.95,0.036,0.103,0.531,0.448,-14.64,-9.05,12
192.25,13.02,0.045,0.09,0.64,0.436,-15.34,-9.33,12
192.30,12.2,0.035,0.08,0.715,0.433,-15.34,-9.33,12
192.35,12.46,0.048,0.086,0.677,0.444,-15.04,-9.59,12
192.40,12.24,0.045,0.088,0.558,0.427,-15.04,-9.59,12
192.45,12.53,0.036,0.083,0.535,0.392,-15.24,-10.11,12
192.50,11.9,0.013,0.07,0.558,0.369,-15.24,-10.11,12
192.55,12.74,0.018,0.071,0.528,0.362,-15.66,-10.44,12
192.60,11.98,0.007,0.066,0.461,0.346,-15.66,-10.44,12
192.65,12.04,0.02,0.092,0.6,0.373,-16.3,-10.83,12
192.70,11.39,0.035,0.072,0.645,0.391,-16.3,-10.83,12
192.75,12.22,0.023,0.07,0.634,0.396,-17.21,-11.16,12
192.80,11.6,0.026,0.064,0.592,0.384,-17.21,-11.16,12
192.85,12.5,0.023,0.072,0.625,0.377,-16.75,-11.63,12
192.90,12.15,0.01,0.075,0.605,0.355,-16.75,-11.63,12
192.95,12.6,0.007,0.066,0.585,0.356,-16.27,-12.19,12
193.00,11.99,0.004,0.07,0.665,0.348,-16.27,-12.19,12
193.05,12.28,0.004,0.072,0.655,0.322,-14.12,-12.63,12
193.10,12.0,0.004,0.068,0.584,0.349,-14.12,-12.63,12
193.15,12.36,0.016,0.075,0.635,0.392,-14.37,-12.85,12
193.20,12.1,0.019,0.072,0.656,0.4,-14.37,-12.85,12
193.25,12.11,0.008,0.074,0.623,0.387,-14.26,-13.0,12
193.30,11.53,0.007,0.068,0.593,0.37,-14.26,-13.0,12
193.35,11.67,0.012,0.068,0.586,0.372,-14.31,-13.12,12
193.40,11.1,0.015,0.073,0.601,0.368,-14.31,-13.12,12
193.45,11.25,0.013,0.077,0.603,0.367,-17.15,-13.28,12
193.50,10.95,0.018,0.08,0.598,0.377,-17.15,-13.28,12
193.55,10.93,0.033,0.083,0.617,0.437,-18.43,-13.56,12
193.60,10.53,0.041,0.079,0.631,0.448,-18.43,-13.56,12
193.65,10.78,0.032,0.072,0.638,0.441,-18.41,-13.74,12
193.70,10.65,0.035,0.07,0.613,0.422,-18.41,-13.74,12
193.75,10.93,0.02,0.058,0.606,0.413,-18.44,-13.97,12
193.80,10.75,0.035,0.062,0.598,0.431,-18.44,-13.97,12
193.85,11.3,0.025,0.039,0.6,0.418,-18.24,-14.1,12
193.90,11.15,0.03,0.046,0.577,0.409,-18.24,-14.1,12
193.95,11.28,0.009,0.049,0.56,0.398,-18.81,-14.31,12
194.00,11.27,0.016,0.056,0.526,0.401,-18.81,-14.31,12
194.05,11.21,0.007,0.054,0.52,0.399,-20.47,-14.73,12
194.10,10.7,0.001,0.056,0.499,0.39,-20.47,-14.73,12
194.15,11.06,0.0,0.049,0.486,0.381,-21.49,-15.1,12
194.20,10.88,0.0,0.056,0.451,0.387,-21.49,-15.1,12
194.25,10.69,0.0,0.039,0.458,0.387,-23.19,-15.37,12
194.30,10.34,0.0,0.042,0.44,0.393,-23.19,-15.37,12
194.35,10.6,0.0,0.031,0.441,0.388,-24.05,-15.53,12
194.40,10.23,0.004,0.038,0.4,0.391,-24.05,-15.53,12
194.45,10.92,0.0,0.02,0.411,0.387,-24.94,-15.83,12
194.50,10.62,0.0,0.028,0.373,0.393,-24.94,-15.83,12
194.55,10.99,0.0,0.021,0.374,0.377,-25.49,-16.04,12
194.60,10.58,0.0,0.032,0.341,0.382,-25.49,-16.04,12
194.65,10.8,0.0,0.023,0.371,0.376,-25.56,-16.53,12
194.70,10.39,0.0,0.024,0.355,0.386,-25.56,-16.53,12
194.75,10.76,0.0,0.014,0.357,0.379,-25.67,-17.05,12
194.80,10.61,0.0,0.02,0.317,0.375,-25.67,-17.05,12
194.85,10.66,0.0,0.005,0.326,0.367,-25.79,-17.46,12
194.90,10.26,0.0,0.02,0.311,0.377,-25.79,-17.46,12
194.95,10.81,0.0,0.025,0.321,0.37,-25.1,-17.86,12
195.00,10.44,0.0,0.021,0.307,0.375,-25.1,-17.86,12
195.05,10.59,0.0,0.01,0.302,0.361,-24.75,-17.97,12
195.10,10.27,0.0,0.015,0.29,0.365,-24.75,-17.97,12
195.15,10.51,0.0,0.024,0.299,0.366,-24.38,-18.06,12
195.20,10.31,0.0,0.029,0.29,0.37,-24.38,-18.06,12
195.25,10.42,0.0,0.021,0.279,0.356,-23.89,-18.36,12
195.30,10.31,0.0,0.029,0.277,0.367,-23.89,-18.36,12
195.35,10.51,0.0,0.023,0.279,0.366,-23.68,-18.94,12
195.40,10.4,0.0,0.029,0.279,0.371,-23.68,-18.94,12
195.45,10.69,0.0,0.029,0.279,0.362,-23.48,-19.0,12
195.50,10.68,0.0,0.028,0.269,0.358,-23.48,-19.0,12
195.55,10.74,0.0,0.025,0.268,0.356,-23.39,-18.99,12
195.60,10.44,0.0,0.039,0.276,0.363,-23.39,-18.99,12
195.65,10.48,0.0,0.025,0.28,0.353,-23.29,-19.17,12
195.70,10.39,0.0,0.027,0.27,0.362,-23.29,-19.17,12
195.75,10.76,0.0,0.027,0.282,0.366,-23.1,-19.64,12
195.80,10.64,0.0,0.04,0.278,0.373,-23.1,-19.64,12
195.85,10.91,0.0,0.037,0.285,0.357,-23.02,-19.82,12
195.90,10.62,0.0,0.044,0.268,0.352,-23.02,-19.82,12
195.95,11.27,0.0,0.048,0.282,0.349,-22.97,-19.94,12
196.00,10.83,0.0,0.059,0.287,0.359,-22.97,-19.94,12
196.05,11.16,0.0,0.052,0.303,0.345,-22.87,-21.18,12
196.10,10.84,0.0,0.059,0.296,0.354,-22.87,-21.18,12
196.15,11.32,0.0,0.046,0.304,0.336,-23.02,-21.77,12
196.20,10.98,0.0,0.068,0.297,0.351,-23.02,-21.77,12
196.25,11.56,0.0,0.044,0.291,0.32,-23.16,-22.17,12
196.30,11.04,0.0,0.051,0.283,0.329,-23.16,-22.17,12
196.35,11.21,0.0,0.047,0.289,0.324,-23.07,-22.32,12
196.40,11.15,0.0,0.057,0.296,0.332,-23.07,-22.32,12
196.45,11.04,0.0,0.052,0.278,0.31,-23.32,-22.47,12
196.50,10.58,0.0,0.047,0.286,0.31,-23.32,-22.47,12
196.55,11.01,0.0,0.048,0.281,0.304,-23.73,-22.75,12
196.60,10.73,0.0,0.049,0.302,0.314,-23.73,-22.75,12
196.65,10.81,0.0,0.048,0.299,0.308,-23.92,-23.29,12
196.70,10.66,0.0,0.053,0.306,0.312,-23.92,-23.29,12
196.75,10.64,0.0,0.05,0.303,0.304,-24.42,-23.54,12
196.80,10.54,0.0,0.054,0.312,0.32,-24.42,-23.54,12
196.85,10.61,0.0,0.046,0.301,0.316,-24.37,-23.81,12
196.90,10.6,0.0,0.044,0.305,0.329,-24.37,-23.81,12
196.95,10.68,0.0,0.04,0.297,0.344,-23.6,-23.83,12
197.00,10.76,0.0,0.047,0.318,0.36,-23.6,-23.83,12
197.05,10.83,0.0,0.04,0.307,0.358,-23.09,-23.82,12
197.10,10.65,0.0,0.033,0.321,0.362,-23.09,-23.82,12
197.15,10.63,0.0,0.026,0.317,0.36,-22.78,-23.78,12
197.20,10.53,0.0,0.024,0.333,0.365,-22.78,-23.78,12
197.25,10.38,0.0,0.011,0.316,0.368,-22.7,-23.73,12
197.30,10.2,0.0,0.006,0.313,0.38,-22.7,-23.73,12
197.35,10.35,0.0,0.0,0.307,0.385,-23.02,-23.69,12
197.40,10.25,0.0,0.007,0.32,0.399,-23.02,-23.69,12
197.45,10.17,0.0,0.006,0.311,0.401,-23.13,-23.6,12
197.50,10.02,0.0,0.016,0.305,0.411,-23.13,-23.6,12
197.55,9.97,0.0,0.009,0.303,0.407,-22.97,-23.49,12
197.60,9.87,0.0,0.017,0.302,0.414,-22.97,-23.49,12
197.65,10.08,0.0,0.005,0.289,0.405,-23.1,-23.45,12
197.70,9.99,0.0,0.0,0.281,0.417,-23.1,-23.45,12
197.75,10.2,0.0,0.0,0.278,0.414,-23.4,-23.44,12
197.80,10.16,0.0,0.0,0.275,0.418,-23.4,-23.44,12
197.85,10.31,0.0,0.0,0.261,0.417,-24.04,-23.43,12
197.90,10.0,0.0,0.0,0.264,0.428,-24.04,-23.43,12
197.95,10.23,0.0,0.0,0.249,0.434,-24.41,-23.42,12
198.00,9.98,0.0,0.0,0.245,0.446,-24.41,-23.42,12
198.05,10.1,0.0,0.0,0.23,0.436,-24.44,-23.42,12
198.10,9.84,0.0,0.0,0.228,0.437,-24.44,-23.42,12
198.15,10.31,0.0,0.0,0.223,0.443,-24.34,-23.44,12
198.20,10.23,0.0,0.0,0.219,0.442,-24.34,-23.44,12
198.25,10.33,0.0,0.0,0.221,0.435,-24.33,-23.48,12
198.30,10.31,0.0,0.0,0.228,0.434,-24.33,-23.48,12
198.35,10.46,0.0,0.0,0.237,0.432,-24.65,-23.53,12
198.40,10.29,0.0,0.0,0.232,0.432,-24.65,-23.53,12
198.45,10.63,0.0,0.0,0.238,0.418,-24.73,-23.57,12
198.50,10.84,0.0,0.0,0.232,0.413,-24.73,-23.57,12
198.55,11.16,0.0,0.0,0.25,0.4,-25.15,-23.64,12
198.60,11.64,0.0,0.0,0.259,0.395,-25.15,-23.64,12
198.65,11.82,0.0,0.0,0.27,0.375,-25.01,-23.68,12
198.70,11.6,0.0,0.0,0.284,0.359,-25.01,-23.68,12
198.75,11.67,0.0,0.0,0.261,0.308,-25.72,-23.83,12
198.80,11.38,0.0,0.0,0.246,0.26,-25.72,-23.83,12
198.85,11.46,0.0,0.0,0.144,0.186,-27.46,-24.01,12
198.90,11.66,0.0,0.0,0.0,0.112,-27.46,-24.01,
198.95,11.52,0.0,0.0,0.0,0.069,-29.21,-24.19,
199.00,10.95,0.0,0.0,0.0,0.06,-29.21,-24.19,
199.05,10.71,0.0,0.0,0.0,0.042,-34.67,-24.38,
199.10,10.59,0.0,0.0,0.0,0.035,-34.67,-24.38,
199.15,10.36,0.0,0.0,0.0,0.032,-48.32,-24.59,
199.20,10.46,0.0,0.0,0.0,0.038,-48.32,-24.59,
199.25,10.37,0.0,0.0,0.0,0.038,-72.77,-24.78,
199.30,10.36,0.0,0.0,0.0,0.038,-72.77,-24.78,
199.35,10.3,0.0,0.0,0.0,0.039,-72.75,-25.01,
199.40,10.68,0.0,0.0,0.0,0.034,-72.75,-25.01,
199.45,10.62,0.0,0.0,0.0,0.035,-72.76,-25.2,
199.50,10.81,0.0,0.0,0.0,0.032,-72.76,-25.2,
199.55,10.63,0.0,0.0,0.0,0.029,-72.72,-25.35,
199.60,10.8,0.0,0.0,0.0,0.029,-72.72,-25.35,
199.65,10.76,0.0,0.0,0.0,0.028,-72.73,-25.55,
199.70,10.7,0.0,0.0,0.0,0.025,-72.73,-25.55,
199.75,10.58,0.0,0.0,0.0,0.028,-72.75,-25.73,
199.80,10.35,0.0,0.0,0.0,0.029,-72.75,-25.73,
199.85,10.17,0.0,0.0,0.0,0.028,-72.78,-25.96,
199.90,10.04,0.0,0.0,0.0,0.026,-72.78,-25.96,
199.95,10.16,0.0,0.0,0.0,0.025,-72.77,-26.32,
200.00,10.1,0.0,0.0,0.0,0.027,-72.77,-26.32,
200.05,10.06,0.0,0.0,0.0,0.02,-72.84,-26.71,
200.10,10.08,0.0,0.0,0.0,0.016,-72.84,-26.71,
200.15,9.48,0.0,0.0,0.0,0.015,-72.84,-27.05,
200.20,9.91,0.0,0.0,0.0,0.01,-72.84,-27.05,
200.25,9.78,0.0,0.0,0.0,0.015,-72.85,-27.4,
200.30,10.29,0.0,0.0,0.0,0.011,-72.85,-27.4,
200.35,9.93,0.0,0.0,0.0,0.017,-72.86,-27.78,
200.40,10.27,0.0,0.0,0.0,0.007,-72.86,-27.78,
200.45,10.3,0.0,0.0,0.0,0.014,-72.79,-28.28,
200.50,10.0,0.0,0.0,0.0,0.0,-72.79,-28.28,
200.55,8.65,0.0,0.0,0.0,0.022,-72.69,-28.79,
200.60,,,,,,-72.69,-28.79,
200.65,,,,,,,,
